City_ID,City,Country,Date,Lat,Lng,Max Temp,Humidity,Cloudiness,Wind Speed
0,Klaksvik,FO,2021-12-01 18:54:03,62.2266,-6.589,32.92,68,100,31.83
1,Mataura,NZ,2021-12-01 18:54:04,-46.1927,168.8643,56.48,89,8,1.36
2,Ayapel,CO,2021-12-01 18:54:04,8.3137,-75.1398,86.05,69,42,5.37
3,Vila Velha,BR,2021-12-01 18:50:49,-20.3297,-40.2925,82.35,86,20,6.91
4,Karratha,AU,2021-12-01 18:54:04,-20.7377,116.8463,84.63,30,0,11.1
5,Upernavik,GL,2021-12-01 18:54:05,72.7868,-56.1549,25.0,70,100,11.32
6,Tabou,CI,2021-12-01 18:54:05,4.423,-7.3528,80.69,79,32,7.09
7,Thompson,CA,2021-12-01 18:54:05,55.7435,-97.8558,1.56,78,90,13.8
8,Yumen,CN,2021-12-01 18:54:06,40.2833,97.2,22.53,38,0,2.35
9,Mahishadal,IN,2021-12-01 18:54:06,22.1833,87.9833,68.49,53,69,4.97
10,Arraial Do Cabo,BR,2021-12-01 18:54:06,-22.9661,-42.0278,82.36,83,20,11.5
11,Hobart,AU,2021-12-01 18:50:06,-42.8794,147.3294,60.03,83,75,0.0
12,Cidreira,BR,2021-12-01 18:54:07,-30.1811,-50.2056,69.82,63,27,13.15
13,Borovoy,RU,2021-12-01 18:54:07,55.4333,86.0833,16.88,73,0,6.71
14,Rikitea,PF,2021-12-01 18:54:07,-23.1203,-134.9692,76.17,68,0,19.53
15,Aklavik,CA,2021-12-01 18:54:08,68.2191,-135.0107,-22.0,76,90,4.61
16,Sechura,PE,2021-12-01 18:54:08,-5.5569,-80.8222,75.27,62,70,16.17
17,Bluff,NZ,2021-12-01 18:54:08,-46.6,168.3333,56.8,88,4,4.32
18,Yellowknife,CA,2021-12-01 18:54:09,62.456,-114.3525,-3.59,88,90,9.22
19,Vaini,TO,2021-12-01 18:54:09,-21.2,-175.2,78.96,83,75,8.05
20,Narsaq,GL,2021-12-01 18:54:09,60.9167,-46.05,33.17,91,100,22.19
21,San Cristobal,VE,2021-12-01 18:54:10,7.7669,-72.225,78.98,42,18,1.88
22,Kavieng,PG,2021-12-01 18:54:10,-2.5744,150.7967,81.84,73,97,8.72
23,Barrow,US,2021-12-01 18:54:10,71.2906,-156.7887,-20.61,97,26,7.81
24,Kulhudhuffushi,MV,2021-12-01 18:54:10,6.6221,73.07,82.15,76,71,8.75
25,Butaritari,KI,2021-12-01 18:54:11,3.0707,172.7902,81.86,77,96,9.98
26,Beloha,MG,2021-12-01 18:54:11,-25.1667,45.05,75.9,84,81,7.87
27,Port Alfred,ZA,2021-12-01 18:54:11,-33.5906,26.891,68.83,86,48,19.57
28,Bukama,CD,2021-12-01 18:54:12,-9.2,25.85,70.05,96,96,2.46
29,Cayenne,GF,2021-12-01 18:53:26,4.9333,-52.3333,83.08,84,75,5.01
30,Key Largo,US,2021-12-01 18:54:01,25.0865,-80.4473,80.02,67,0,7.56
31,Bubaque,GW,2021-12-01 18:54:12,11.2833,-15.8333,82.45,62,16,13.49
32,Alyangula,AU,2021-12-01 18:54:12,-13.8483,136.4192,76.87,100,13,1.14
33,Busselton,AU,2021-12-01 18:50:26,-33.65,115.3333,52.05,84,36,9.42
34,Ushuaia,AR,2021-12-01 18:54:13,-54.8,-68.3,53.26,40,40,20.71
35,Najran,SA,2021-12-01 18:54:13,17.4924,44.1277,63.25,28,0,1.25
36,Punta Arenas,CL,2021-12-01 18:54:14,-53.15,-70.9167,57.31,35,40,24.16
37,Sooke,CA,2021-12-01 18:54:14,48.3746,-123.7276,56.77,85,100,23.02
38,Bereda,ES,2021-12-01 18:54:14,43.2686,-7.5406,48.92,100,100,5.55
39,Ecoporanga,BR,2021-12-01 18:54:15,-18.3733,-40.8306,84.85,64,59,1.99
40,Sur,OM,2021-12-01 18:54:15,22.5667,59.5289,74.28,62,0,7.45
41,Todos Santos,MX,2021-12-01 18:54:15,23.45,-110.2167,85.01,66,89,7.18
42,New Norfolk,AU,2021-12-01 18:54:15,-42.7826,147.0587,59.92,75,66,0.85
43,Aneho,TG,2021-12-01 18:54:16,6.2333,1.6,84.4,79,99,12.8
44,Craigieburn,AU,2021-12-01 18:54:16,-37.6,144.95,67.5,71,0,12.66
45,Jiangyou,CN,2021-12-01 18:54:16,31.7667,104.7167,47.5,65,48,4.27
46,Qaanaaq,GL,2021-12-01 18:54:17,77.484,-69.3632,7.09,85,36,4.36
47,Fort Nelson,CA,2021-12-01 18:54:17,58.8053,-122.7002,-11.61,84,40,0.0
48,Jamestown,US,2021-12-01 18:53:19,42.097,-79.2353,40.08,69,40,11.5
49,Podgornoye,RU,2021-12-01 18:54:18,51.735,39.1496,30.42,100,90,6.71
50,Hilo,US,2021-12-01 18:52:53,19.7297,-155.09,76.62,87,90,5.75
51,Hermanus,ZA,2021-12-01 18:54:18,-34.4187,19.2345,62.91,70,100,7.63
52,Nemuro,JP,2021-12-01 18:54:18,43.3236,145.575,38.97,61,4,37.33
53,Kapaa,US,2021-12-01 18:53:53,22.0752,-159.319,78.12,76,18,3.0
54,Vestmannaeyjar,IS,2021-12-01 18:54:19,63.4427,-20.2734,34.79,64,0,10.36
55,Albany,US,2021-12-01 18:54:19,42.6001,-73.9662,43.45,66,94,1.01
56,Andenes,NO,2021-12-01 18:54:19,69.3143,16.1194,31.98,69,20,27.63
57,Khatanga,RU,2021-12-01 18:54:20,71.9667,102.5,-35.68,100,99,2.59
58,Saint-Philippe,RE,2021-12-01 18:54:20,-21.3585,55.7679,76.55,75,41,10.98
59,Avarua,CK,2021-12-01 18:54:20,-21.2078,-159.775,78.85,89,20,12.66
60,Roald,NO,2021-12-01 18:54:21,62.5833,6.1333,32.14,93,90,6.91
61,Kusti,SD,2021-12-01 18:54:21,13.1629,32.6635,87.78,23,0,8.88
62,Chokurdakh,RU,2021-12-01 18:54:21,70.6333,147.9167,-27.78,100,99,7.99
63,Saint George,US,2021-12-01 18:53:59,37.1041,-113.5841,68.47,34,1,3.44
64,San Carlos De Bariloche,AR,2021-12-01 18:54:22,-41.1456,-71.3082,58.75,44,40,32.21
65,Coahuayana,MX,2021-12-01 18:54:22,18.7333,-103.6833,89.44,49,33,4.45
66,Kjollefjord,NO,2021-12-01 18:54:22,70.9457,27.3465,33.62,55,40,23.02
67,Porto Novo,BJ,2021-12-01 18:54:23,6.4965,2.6036,84.02,80,64,9.15
68,Dilla,ET,2021-12-01 18:54:23,6.41,38.31,66.49,47,94,4.36
69,Chuy,UY,2021-12-01 18:54:23,-33.6971,-53.4616,67.86,54,29,10.96
70,Severo-Kurilsk,RU,2021-12-01 18:54:23,50.6789,156.125,44.62,92,100,36.15
71,Mwene-Ditu,CD,2021-12-01 18:54:24,-7.0,23.45,66.87,98,100,4.14
72,Sisimiut,GL,2021-12-01 18:54:24,66.9395,-53.6735,36.34,87,54,41.2
73,Faanui,PF,2021-12-01 18:54:25,-16.4833,-151.75,79.93,77,100,21.5
74,East London,ZA,2021-12-01 18:54:25,-33.0153,27.9116,68.94,88,20,12.66
75,Tres Arroyos,AR,2021-12-01 18:54:25,-38.3739,-60.2798,80.51,23,0,10.31
76,Airai,TL,2021-12-01 18:54:25,-8.9266,125.4092,61.86,86,100,1.66
77,Dicabisagan,PH,2021-12-01 18:54:26,17.0818,122.4157,73.29,87,100,13.0
78,Lebu,CL,2021-12-01 18:54:26,-37.6167,-73.65,60.44,63,28,8.66
79,Kaitangata,NZ,2021-12-01 18:54:26,-46.2817,169.8464,53.46,90,15,2.35
80,Lompoc,US,2021-12-01 18:54:27,34.6391,-120.4579,86.13,23,1,4.61
81,Norman Wells,CA,2021-12-01 18:54:27,65.282,-126.8329,-23.76,62,90,4.61
82,Ribeira Grande,PT,2021-12-01 18:54:28,38.5167,-28.7,64.8,77,75,3.44
83,Tabas,IR,2021-12-01 18:54:28,33.5959,56.9244,62.62,30,100,7.47
84,Jumla,NP,2021-12-01 18:54:28,29.2747,82.1838,50.0,40,100,2.89
85,Ilulissat,GL,2021-12-01 18:54:29,69.2167,-51.1,35.92,75,100,34.92
86,Vila,PT,2021-12-01 18:54:29,42.0304,-8.1588,41.88,90,100,4.05
87,Beira,MZ,2021-12-01 18:54:29,-19.8436,34.8389,78.89,83,20,14.0
88,Tasiilaq,GL,2021-12-01 18:54:30,65.6145,-37.6368,19.29,93,100,30.91
89,Bredasdorp,ZA,2021-12-01 18:54:30,-34.5322,20.0403,62.28,68,100,9.31
90,Champerico,GT,2021-12-01 18:54:30,14.3,-91.9167,93.76,59,6,6.11
91,Nyurba,RU,2021-12-01 18:54:31,63.2842,118.3319,-24.5,99,100,3.87
92,Hamilton,US,2021-12-01 18:50:25,39.1834,-84.5333,48.97,88,90,4.0
93,Mount Gambier,AU,2021-12-01 18:54:31,-37.8333,140.7667,57.11,94,90,6.91
94,Mehamn,NO,2021-12-01 18:54:31,71.0357,27.8492,33.75,55,40,23.02
95,Katobu,ID,2021-12-01 18:54:32,-4.9408,122.5276,76.93,92,100,3.62
96,Saldanha,ZA,2021-12-01 18:54:32,-33.0117,17.9442,62.65,77,100,23.13
97,Puerto Ayora,EC,2021-12-01 18:54:32,-0.7393,-90.3518,78.76,78,79,10.09
98,Hirara,JP,2021-12-01 18:54:32,24.8,125.2833,66.36,66,98,24.47
99,Guerrero Negro,MX,2021-12-01 18:54:33,27.9769,-114.0611,73.98,46,0,3.62
100,Nikolskoye,RU,2021-12-01 18:54:33,59.7035,30.7861,19.29,96,62,4.56
101,Oyama,JP,2021-12-01 18:54:33,36.3,139.8,49.03,37,0,10.87
102,Le Marin,MQ,2021-12-01 18:54:34,14.4721,-60.8697,85.98,70,75,20.71
103,Saint-Francois,FR,2021-12-01 18:54:34,46.4154,3.9054,46.47,86,75,9.22
104,Mar Del Plata,AR,2021-12-01 18:53:36,-38.0023,-57.5575,64.42,77,0,15.01
105,Ardakan,IR,2021-12-01 18:54:34,32.31,54.0175,62.98,25,38,7.92
106,Cururupu,BR,2021-12-01 18:54:35,-1.8283,-44.8683,87.76,53,99,7.27
107,Bengkulu,ID,2021-12-01 18:54:35,-3.8004,102.2655,75.07,89,53,5.08
108,Bluefields,NI,2021-12-01 18:54:36,12.0137,-83.7635,75.27,94,90,4.61
109,Tura,IN,2021-12-01 18:54:36,25.5198,90.2201,63.36,69,75,3.42
110,Culpeper,US,2021-12-01 18:54:36,38.5004,-77.9664,60.44,39,1,1.99
111,Dikson,RU,2021-12-01 18:54:36,73.5069,80.5464,-6.65,97,100,15.66
112,Skjervoy,NO,2021-12-01 18:54:37,70.0311,20.9714,34.25,68,100,39.66
113,Kemijarvi,FI,2021-12-01 18:54:37,66.7131,27.4306,19.36,94,100,9.17
114,Tifton,US,2021-12-01 18:54:37,31.4505,-83.5085,73.42,32,88,5.86
115,Kawalu,ID,2021-12-01 18:54:38,-7.3817,108.2082,71.42,95,89,1.21
116,Ballina,AU,2021-12-01 18:54:38,-28.8667,153.5667,69.76,92,90,8.05
117,Berlevag,NO,2021-12-01 18:54:38,70.8578,29.0864,33.8,64,75,33.38
118,Strai,NO,2021-12-01 18:54:39,58.2,7.9,29.62,64,0,9.22
119,Mpongwe,ZM,2021-12-01 18:54:39,-13.5091,28.155,72.52,35,5,5.68
120,Longyearbyen,SJ,2021-12-01 18:54:39,78.2186,15.6401,4.84,78,20,5.75
121,Cherskiy,RU,2021-12-01 18:54:40,68.75,161.3,-21.33,98,100,5.91
122,Alofi,NU,2021-12-01 18:54:40,-19.0595,-169.9187,75.09,94,23,8.05
123,Guane,CU,2021-12-01 18:54:40,22.2025,-84.0875,81.84,55,39,10.31
124,Turukhansk,RU,2021-12-01 18:54:41,65.8167,87.9833,-4.99,87,99,9.1
125,Ponta Delgada,PT,2021-12-01 18:54:41,37.7333,-25.6667,65.5,82,40,10.36
126,Kodiak,US,2021-12-01 18:54:41,57.79,-152.4072,15.31,73,90,8.05
127,Preobrazheniye,RU,2021-12-01 18:54:42,42.9019,133.9064,18.75,56,0,17.07
128,Mattru,SL,2021-12-01 18:54:42,7.6244,-11.8332,77.56,89,66,3.78
129,Fortuna,US,2021-12-01 18:54:42,40.5982,-124.1573,58.32,78,1,0.0
130,Springbok,ZA,2021-12-01 18:54:42,-29.6643,17.8865,56.59,52,0,7.34
131,Half Moon Bay,US,2021-12-01 18:50:53,37.4636,-122.4286,72.03,63,1,4.61
132,Hasaki,JP,2021-12-01 18:54:43,35.7333,140.8333,46.8,43,15,18.23
133,Cabo San Lucas,MX,2021-12-01 18:54:43,22.8909,-109.9124,85.51,64,89,3.0
134,Waiouru,NZ,2021-12-01 18:54:43,-39.4833,175.6667,55.11,81,100,2.57
135,Cape Town,ZA,2021-12-01 18:52:39,-33.9258,18.4232,63.27,71,20,21.85
136,Grao Mogol,BR,2021-12-01 18:54:44,-16.5594,-42.8897,73.09,86,96,2.37
137,Wade Hampton,US,2021-12-01 18:54:44,34.9037,-82.3332,67.8,46,99,1.01
138,Keuruu,FI,2021-12-01 18:54:45,62.2667,24.7,15.94,96,81,4.65
139,Yunyang,CN,2021-12-01 18:54:45,33.4474,112.7142,40.01,43,10,2.26
140,Portobelo,PA,2021-12-01 18:54:45,9.55,-79.65,81.61,88,100,11.27
141,Cam Ranh,VN,2021-12-01 18:54:45,11.9214,109.1591,75.16,60,20,11.5
142,Atuona,PF,2021-12-01 18:54:46,-9.8,-139.0333,78.6,78,34,22.28
143,Mortka,RU,2021-12-01 18:54:46,59.3322,66.0214,33.89,90,100,11.81
144,Shirgaon,IN,2021-12-01 18:54:47,19.7,72.7,66.79,95,100,17.29
145,Victoria,HK,2021-12-01 18:53:03,22.2855,114.1577,62.58,46,55,1.99
146,Saskylakh,RU,2021-12-01 18:54:47,71.9167,114.0833,-32.91,99,99,1.72
147,Kijang,KR,2021-12-01 18:54:47,35.2442,129.2139,29.93,45,0,5.21
148,Hofn,IS,2021-12-01 18:54:48,64.2539,-15.2082,21.22,63,0,8.05
149,Kahului,US,2021-12-01 18:54:48,20.8947,-156.47,78.84,83,48,14.0
150,Salina,US,2021-12-01 18:54:49,38.8403,-97.6114,65.3,25,99,8.21
151,Abu Samrah,SY,2021-12-01 18:54:49,35.3029,37.1841,54.54,67,17,14.18
152,Kuraymah,SD,2021-12-01 18:54:49,18.55,31.85,79.43,19,2,12.12
153,Tortoli,IT,2021-12-01 18:54:49,39.9256,9.6572,57.02,77,20,9.22
154,Barra Do Corda,BR,2021-12-01 18:52:13,-5.5,-45.25,91.47,48,89,6.98
155,Kailua,US,2021-12-01 18:54:50,21.4022,-157.7394,79.07,79,75,9.22
156,Baruun-Urt,MN,2021-12-01 18:54:50,46.6806,113.2792,19.4,63,100,10.45
157,Miyako,JP,2021-12-01 18:54:50,39.6367,141.9525,36.36,69,32,13.71
158,Beroroha,MG,2021-12-01 18:54:51,-21.6667,45.1667,79.59,66,100,3.13
159,Kloulklubed,PW,2021-12-01 18:54:51,7.0419,134.2556,79.3,76,100,17.2
160,La Paz,BO,2021-12-01 18:54:51,-16.5,-68.15,64.38,41,75,10.36
161,Harlow,GB,2021-12-01 18:54:52,51.7766,0.1116,43.29,90,75,10.36
162,Bethel,US,2021-12-01 18:54:52,41.3712,-73.414,48.04,57,100,1.01
163,Fomboni,KM,2021-12-01 18:54:52,-12.28,43.7425,81.77,72,1,11.01
164,Alto Parana,BR,2021-12-01 18:54:53,-23.1289,-52.3189,89.96,28,2,8.08
165,Santa Maria,BR,2021-12-01 18:54:53,-29.6842,-53.8069,81.7,36,75,4.61
166,Pisco,PE,2021-12-01 18:54:39,-13.7,-76.2167,72.01,77,0,12.66
167,San Jeronimo,PE,2021-12-01 18:54:53,-11.9472,-75.2829,61.95,55,100,4.9
168,Kyra,RU,2021-12-01 18:54:54,49.5776,111.9753,21.65,67,8,26.31
169,Port Elizabeth,ZA,2021-12-01 18:54:54,-33.918,25.5701,68.09,82,0,12.66
170,Kruisfontein,ZA,2021-12-01 18:54:54,-34.0033,24.7314,65.88,90,41,8.7
171,Itarema,BR,2021-12-01 18:54:55,-2.9248,-39.9167,84.9,67,90,16.84
172,Hithadhoo,MV,2021-12-01 18:54:55,-0.6,73.0833,81.77,75,100,4.25
173,Tuktoyaktuk,CA,2021-12-01 18:54:55,69.4541,-133.0374,-27.4,75,40,2.3
174,Salalah,OM,2021-12-01 18:54:56,17.0151,54.0924,74.34,42,0,4.09
175,Kaili,ID,2021-12-01 18:54:56,-3.4626,120.2147,66.9,85,100,3.09
176,Kampot,KH,2021-12-01 18:50:09,10.6167,104.1833,78.85,71,55,11.41
177,Saravena,CO,2021-12-01 18:54:57,6.9538,-71.8752,92.66,39,43,4.52
178,Isangel,VU,2021-12-01 18:54:57,-19.55,169.2667,79.14,82,27,12.35
179,Broome,US,2021-12-01 18:54:57,42.2506,-75.833,42.53,58,100,3.0
180,Jackson,US,2021-12-01 18:54:21,42.4165,-122.8345,69.04,54,51,0.6
181,Provideniya,RU,2021-12-01 18:54:58,64.3833,-173.3,-3.78,72,4,2.86
182,Jalu,LY,2021-12-01 18:54:58,29.0331,21.5482,61.36,54,86,5.75
183,Tuatapere,NZ,2021-12-01 18:54:58,-46.1333,167.6833,56.82,79,5,1.41
184,Nouadhibou,MR,2021-12-01 18:54:59,20.931,-17.0347,69.78,52,3,17.27
185,Byron Bay,AU,2021-12-01 18:53:16,-28.65,153.6167,73.06,90,100,8.63
186,Puerto Rico,AR,2021-12-01 18:54:59,-26.796,-55.024,92.19,22,0,3.27
187,Naze,JP,2021-12-01 18:54:59,28.3667,129.4833,57.24,65,100,18.43
188,Shubarkuduk,KZ,2021-12-01 18:55:00,49.1447,56.4872,35.1,94,77,5.28
189,Luderitz,NA,2021-12-01 18:55:00,-26.6481,15.1594,64.85,65,0,20.76
190,Canavieiras,BR,2021-12-01 18:55:00,-15.675,-38.9472,81.37,77,59,11.52
191,Brae,GB,2021-12-01 18:55:01,60.3964,-1.353,33.71,78,99,32.1
192,Evensk,RU,2021-12-01 18:55:01,61.95,159.2333,-6.95,79,100,13.24
193,Abu Dhabi,AE,2021-12-01 18:55:01,24.4667,54.3667,77.11,68,0,4.61
194,Vacaria,BR,2021-12-01 18:52:20,-28.5122,-50.9339,74.71,39,0,4.54
195,Sao Filipe,CV,2021-12-01 18:55:02,14.8961,-24.4956,74.88,67,100,12.3
196,Touros,BR,2021-12-01 18:53:12,-5.1989,-35.4608,86.9,66,82,13.58
197,Atikokan,CA,2021-12-01 18:55:02,48.7555,-91.6216,34.03,98,100,7.96
198,Makakilo City,US,2021-12-01 18:55:02,21.3469,-158.0858,77.61,80,1,0.0
199,Torbay,CA,2021-12-01 18:55:03,47.6666,-52.7314,41.77,70,90,16.11
200,Tiksi,RU,2021-12-01 18:55:03,71.6872,128.8694,-26.39,99,79,5.86
201,Talnakh,RU,2021-12-01 18:55:03,69.4865,88.3972,-16.8,98,72,5.95
202,Hay River,CA,2021-12-01 18:55:04,60.8156,-115.7999,3.18,85,90,3.44
203,Port Hardy,CA,2021-12-01 18:55:04,50.6996,-127.4199,50.76,93,90,4.61
204,Walvis Bay,NA,2021-12-01 18:55:04,-22.9575,14.5053,67.15,59,0,13.8
205,Saint-Pierre,RE,2021-12-01 18:55:05,-21.3393,55.4781,76.64,68,20,10.36
206,Solnechnyy,RU,2021-12-01 18:55:05,50.7214,136.6319,11.52,88,100,18.41
207,Sambava,MG,2021-12-01 18:54:19,-14.2667,50.1667,76.39,84,7,8.95
208,Caravelas,BR,2021-12-01 18:55:05,-17.7125,-39.2481,81.27,80,92,10.76
209,Seoul,KR,2021-12-01 18:51:02,37.5683,126.9778,29.64,70,0,3.44
210,Krasnogorskiy,RU,2021-12-01 18:55:06,54.6025,61.231,34.93,82,100,17.81
211,Nantucket,US,2021-12-01 18:54:12,41.2835,-70.0995,49.96,61,65,17.74
212,Atherton,GB,2021-12-01 18:55:06,53.5237,-2.4935,39.42,75,6,4.0
213,Khonsa,IN,2021-12-01 18:55:07,27.0167,95.5667,56.52,69,10,4.5
214,Sioux Lookout,CA,2021-12-01 18:55:07,50.1001,-91.917,32.38,100,90,5.75
215,Pevek,RU,2021-12-01 18:55:07,69.7008,170.3133,-3.24,97,100,8.66
216,Toora-Khem,RU,2021-12-01 18:55:07,52.4675,96.11,-5.28,99,68,1.01
217,Asau,RO,2021-12-01 18:55:08,46.4333,26.4,40.95,56,97,5.66
218,Pangnirtung,CA,2021-12-01 18:55:08,66.1451,-65.7125,14.0,85,75,17.27
219,Marystown,CA,2021-12-01 18:55:08,47.1666,-55.1483,40.86,100,13,5.99
220,Namibe,AO,2021-12-01 18:55:09,-15.1961,12.1522,70.12,78,100,4.65
221,La Ronge,CA,2021-12-01 18:55:09,55.1001,-105.2842,17.85,79,90,11.5
222,Amilly,FR,2021-12-01 18:55:10,47.9728,2.7719,43.14,98,12,11.63
223,Nanortalik,GL,2021-12-01 18:55:10,60.1432,-45.2371,34.29,98,100,28.43
224,Butembo,CD,2021-12-01 18:55:08,0.15,29.2833,59.54,97,99,2.82
225,Grafton,US,2021-12-01 18:53:50,42.207,-71.6856,47.05,52,75,4.0
226,Antalaha,MG,2021-12-01 18:55:10,-14.9003,50.2788,73.67,89,16,5.61
227,Akyab,MM,2021-12-01 18:55:11,20.15,92.9,72.59,74,16,6.78
228,Severnyy-Kospashskiy,RU,2021-12-01 18:55:11,59.0925,57.8008,35.6,100,100,5.68
229,Polovinnoye,RU,2021-12-01 18:55:11,54.7914,65.9864,36.16,70,100,20.87
230,Roebourne,AU,2021-12-01 18:55:12,-20.7833,117.1333,86.29,25,0,10.2
231,Shawnee,US,2021-12-01 18:55:12,39.05,-95.7669,67.95,46,98,3.0
232,Lata,PT,2021-12-01 18:55:12,40.1629,-8.3327,54.01,89,100,8.61
233,Berekum,GH,2021-12-01 18:55:13,7.4534,-2.584,81.1,47,98,3.56
234,Kalininsk,RU,2021-12-01 18:55:13,51.5,44.4758,28.53,80,99,9.86
235,Sukhaya Buyvola,RU,2021-12-01 18:55:13,45.1533,42.9956,41.11,68,100,8.39
236,Ambilobe,MG,2021-12-01 18:55:13,-13.2,49.05,77.29,70,0,3.98
237,Bauchi,NG,2021-12-01 18:55:14,10.5,10.0,76.33,24,90,5.84
238,Padang,ID,2021-12-01 18:55:14,-0.9492,100.3543,77.05,86,21,2.53
239,Salta,AR,2021-12-01 18:52:57,-24.7859,-65.4117,87.58,32,75,8.99
240,Mamit,IN,2021-12-01 18:55:15,23.9333,92.4833,57.06,84,50,2.33
241,College,US,2021-12-01 18:55:15,64.8569,-147.8028,-2.25,77,90,0.0
242,Grand Gaube,MU,2021-12-01 18:55:15,-20.0064,57.6608,77.4,75,8,3.0
243,Novikovo,RU,2021-12-01 18:55:16,51.1537,37.8879,31.26,86,99,9.64
244,Dwarka,IN,2021-12-01 18:55:16,22.2394,68.9678,72.63,73,98,14.56
245,Hoima,UG,2021-12-01 18:55:16,1.4356,31.3436,67.57,77,100,2.26
246,Salamiyah,SY,2021-12-01 18:55:17,35.0113,37.0532,55.27,64,84,19.86
247,Coquimbo,CL,2021-12-01 18:53:16,-29.9533,-71.3436,65.93,59,0,14.97
248,Korla,CN,2021-12-01 18:55:17,41.7597,86.1469,23.4,71,0,2.46
249,Iqaluit,CA,2021-12-01 18:55:17,63.7506,-68.5145,8.33,78,40,8.99
250,Zhigansk,RU,2021-12-01 18:55:18,66.7697,123.3711,-42.41,99,74,5.57
251,Ponta Do Sol,PT,2021-12-01 18:55:18,32.6667,-17.1,66.7,70,37,6.96
252,Matara,LK,2021-12-01 18:55:19,5.9485,80.5353,75.76,88,15,4.21
253,Maki,JP,2021-12-01 18:55:19,37.75,138.8833,37.9,73,100,30.47
254,Ixtapa,MX,2021-12-01 18:55:19,20.7,-105.2,88.39,41,68,6.29
255,Carutapera,BR,2021-12-01 18:55:20,-1.195,-46.02,86.94,58,96,9.33
256,Auki,SB,2021-12-01 18:55:20,-8.7676,160.7034,77.7,80,100,3.4
257,Svetlogorsk,BY,2021-12-01 18:55:20,52.6333,29.7333,22.95,95,65,5.66
258,Maniitsoq,GL,2021-12-01 18:55:20,65.4167,-52.9,35.02,88,100,28.41
259,Dingle,PH,2021-12-01 18:55:21,10.9995,122.6711,74.89,96,100,6.67
260,Inza,RU,2021-12-01 18:55:21,53.8533,46.3586,28.38,75,40,10.83
261,Mnogovershinnyy,RU,2021-12-01 18:55:21,53.9353,139.9242,16.84,92,100,28.79
262,High Rock,BS,2021-12-01 18:55:22,26.6208,-78.2833,73.42,68,20,9.19
263,Portneuf,CA,2021-12-01 18:55:22,46.6906,-71.8901,31.95,55,46,6.91
264,Ayan,RU,2021-12-01 18:55:22,56.45,138.1667,6.53,70,100,12.19
265,Birao,CF,2021-12-01 18:55:23,10.2849,22.7882,79.9,23,7,6.24
266,Boyolangu,ID,2021-12-01 18:55:23,-8.1181,111.8935,76.19,89,100,2.64
267,La Macarena,CO,2021-12-01 18:55:23,2.1837,-73.7849,90.14,46,100,6.49
268,Botro,CI,2021-12-01 18:55:24,7.8525,-5.3106,87.28,41,100,4.05
269,Port Augusta,AU,2021-12-01 18:55:24,-32.5,137.7667,72.72,77,87,10.71
270,Te Anau,NZ,2021-12-01 18:55:24,-45.4167,167.7167,55.02,85,80,0.89
271,Yatou,CN,2021-12-01 18:55:25,37.15,122.3833,32.67,59,3,6.26
272,Lenoir City,US,2021-12-01 18:55:25,35.7973,-84.256,65.55,60,100,1.01
273,Khandbari,NP,2021-12-01 18:55:25,27.3747,87.2039,57.07,72,50,2.98
274,Lynn Haven,US,2021-12-01 18:55:26,30.2455,-85.6483,73.24,48,15,3.0
275,Yar-Sale,RU,2021-12-01 18:55:26,66.8333,70.8333,1.17,96,100,12.5
276,Ahuimanu,US,2021-12-01 18:55:26,21.4447,-157.8378,78.78,79,75,9.22
277,Baykit,RU,2021-12-01 18:55:27,61.67,96.37,-1.55,93,100,2.3
278,Lakes Entrance,AU,2021-12-01 18:55:27,-37.8811,147.981,56.16,66,63,5.93
279,Kikwit,CD,2021-12-01 18:55:27,-5.041,18.8162,69.06,98,75,1.59
280,Raga,SS,2021-12-01 18:55:28,8.4596,25.678,81.91,26,71,3.44
281,Bathsheba,BB,2021-12-01 18:55:28,13.2167,-59.5167,86.61,66,20,20.71
282,Wajima,JP,2021-12-01 18:55:28,37.4,136.9,43.18,66,100,28.27
283,Georgetown,MY,2021-12-01 18:52:38,5.4112,100.3354,79.95,90,20,5.99
284,Honiara,SB,2021-12-01 18:55:29,-9.4333,159.95,77.38,87,100,3.53
285,Muyezerskiy,RU,2021-12-01 18:55:29,63.9333,31.65,17.92,95,100,6.42
286,Ventspils,LV,2021-12-01 18:51:43,57.3894,21.5606,28.33,86,0,4.61
287,Carnarvon,AU,2021-12-01 18:55:29,-24.8667,113.6333,68.07,77,40,19.57
288,Kapit,MY,2021-12-01 18:55:30,2.0167,112.9333,72.41,97,95,0.54
289,Selenduma,RU,2021-12-01 18:55:30,50.9131,106.2406,17.58,84,100,5.14
290,Camacha,PT,2021-12-01 18:55:30,33.0833,-16.3333,62.02,72,40,12.66
291,Fare,PF,2021-12-01 18:55:31,-16.7,-151.0167,81.03,76,100,21.74
292,Alta,NO,2021-12-01 18:53:47,69.9689,23.2717,29.44,80,75,1.01
293,Vrangel,RU,2021-12-01 18:55:31,42.7297,133.0839,21.22,56,0,21.56
294,Loreto,MX,2021-12-01 18:55:31,22.2667,-101.9667,71.94,33,100,6.11
295,Castro,BR,2021-12-01 18:55:32,-24.7911,-50.0119,83.86,33,0,5.95
296,Suntar,RU,2021-12-01 18:55:32,62.1444,117.6319,-17.01,96,100,5.97
297,Tilichiki,RU,2021-12-01 18:55:33,60.4667,166.1,4.95,86,100,6.64
298,Bridlington,GB,2021-12-01 18:55:33,54.0831,-0.1919,41.29,65,76,32.93
299,Vao,NC,2021-12-01 18:55:33,-22.6667,167.4833,76.3,81,100,19.69
300,Upata,VE,2021-12-01 18:55:34,8.0086,-62.3989,78.19,93,100,4.36
301,Kirundo,BI,2021-12-01 18:55:34,-2.5833,30.1667,65.17,92,99,1.43
302,Kogon,UZ,2021-12-01 18:55:35,39.7228,64.5517,67.64,25,0,11.5
303,Hambantota,LK,2021-12-01 18:55:35,6.1241,81.1185,75.54,100,0,5.75
304,Tres Pontas,BR,2021-12-01 18:55:35,-21.3667,-45.5125,78.62,68,100,5.06
305,Celestun,MX,2021-12-01 18:55:35,20.8667,-90.4,80.53,53,3,12.21
306,Hobyo,SO,2021-12-01 18:55:36,5.3505,48.5268,79.74,74,31,15.84
307,Mwinilunga,ZM,2021-12-01 18:55:36,-11.7358,24.4293,68.41,65,100,1.99
308,Smolenka,RU,2021-12-01 18:55:36,52.1352,113.4974,21.27,49,52,15.66
309,Huarmey,PE,2021-12-01 18:55:37,-10.0681,-78.1522,71.91,73,52,10.04
310,Olafsvik,IS,2021-12-01 18:55:37,64.8945,-23.7142,30.0,77,100,15.1
311,Viedma,AR,2021-12-01 18:55:37,-40.8135,-62.9967,90.18,19,89,24.63
312,Bambous Virieux,MU,2021-12-01 18:55:38,-20.3428,57.7575,77.25,78,20,6.91
313,Kununurra,AU,2021-12-01 18:55:38,-15.7667,128.7333,80.58,74,100,3.44
314,Kindersley,CA,2021-12-01 18:55:38,51.4668,-109.1682,42.82,45,90,13.8
315,Khalkhal,IR,2021-12-01 18:55:39,37.6189,48.5258,44.6,60,21,14.38
316,Praia Da Vitoria,PT,2021-12-01 18:55:39,38.7333,-27.0667,63.75,94,40,10.36
317,Manavalakurichi,IN,2021-12-01 18:55:39,8.1333,77.3,80.69,83,10,4.94
318,Iracoubo,GF,2021-12-01 18:55:40,5.4802,-53.2011,79.3,89,100,12.1
319,Pascagoula,US,2021-12-01 18:51:23,30.3658,-88.5561,74.05,55,1,4.61
320,Brattvag,NO,2021-12-01 18:55:40,62.6002,6.4434,31.66,93,90,6.91
321,Silver City,US,2021-12-01 18:53:47,32.7701,-108.2803,65.3,22,40,8.01
322,Portland,US,2021-12-01 18:51:33,45.5234,-122.6762,61.95,88,75,1.01
323,Petropavlovsk-Kamchatskiy,RU,2021-12-01 18:55:41,53.0452,158.6483,25.39,100,90,6.71
324,Leningradskiy,RU,2021-12-01 18:55:41,69.3833,178.4167,-25.35,93,40,7.34
325,Pingliang,CN,2021-12-01 18:55:42,35.5392,106.6861,31.89,28,0,5.53
326,Koutiala,ML,2021-12-01 18:55:42,12.3917,-5.4642,85.19,13,3,6.24
327,Synya,RU,2021-12-01 18:55:42,65.3718,58.0387,16.68,96,100,4.07
328,Constitucion,CL,2021-12-01 18:55:43,-35.3333,-72.4167,62.69,63,26,14.61
329,Lazaro Cardenas,MX,2021-12-01 18:55:43,17.9583,-102.2,85.14,63,96,5.57
330,Ginda,IN,2021-12-01 18:55:43,30.6945,78.4932,54.64,34,100,3.56
331,Urumqi,CN,2021-12-01 18:52:03,43.801,87.6005,9.55,79,1,2.24
332,Ciudad Guayana,VE,2021-12-01 18:55:44,8.3533,-62.6528,81.52,87,100,6.76
333,Miandrivazo,MG,2021-12-01 18:55:44,-19.5167,45.4667,75.61,77,100,15.41
334,Lima,PE,2021-12-01 18:52:00,-12.0432,-77.0282,69.13,73,90,8.05
335,Toguchin,RU,2021-12-01 18:55:44,55.2353,84.3858,6.55,95,100,5.66
336,Lorengau,PG,2021-12-01 18:55:45,-2.0226,147.2712,81.73,73,100,4.09
337,Kudahuvadhoo,MV,2021-12-01 18:55:45,2.6708,72.8944,80.94,81,100,7.27
338,Moose Factory,CA,2021-12-01 18:55:45,51.2585,-80.6094,12.2,67,20,9.22
339,Ilinskiy,RU,2021-12-01 18:55:46,55.619,38.1182,25.14,68,75,6.71
340,Comodoro Rivadavia,AR,2021-12-01 18:55:46,-45.8667,-67.5,69.66,37,0,12.66
341,Rocha,UY,2021-12-01 18:55:46,-34.4833,-54.3333,68.14,54,85,11.72
342,Viking,CA,2021-12-01 18:55:47,53.1001,-111.7684,42.66,59,100,11.7
343,Awbari,LY,2021-12-01 18:55:47,26.5921,12.7805,59.58,17,70,7.74
344,Ternate,ID,2021-12-01 18:55:47,0.8,127.4,81.93,77,100,5.1
345,Puerto Madryn,AR,2021-12-01 18:55:47,-42.7692,-65.0385,78.26,30,46,21.14
346,Cabiraoan,PH,2021-12-01 18:55:48,18.3238,122.086,70.88,86,100,12.15
347,Ouesso,CG,2021-12-01 18:55:48,1.6136,16.0517,74.35,82,100,2.73
348,Belmonte,BR,2021-12-01 18:55:49,-15.8631,-38.8828,82.9,78,50,13.53
349,Torquay,GB,2021-12-01 18:55:49,50.4638,-3.5143,45.86,88,24,27.63
350,Mahebourg,MU,2021-12-01 18:55:49,-20.4081,57.7,77.29,78,20,6.91
351,Altea,ES,2021-12-01 18:55:50,38.5989,-0.0514,60.58,54,60,14.12
352,Siparia,TT,2021-12-01 18:55:50,10.1333,-61.5,87.66,83,100,10.74
353,Grindavik,IS,2021-12-01 18:55:50,63.8424,-22.4338,30.67,69,75,8.05
354,Yaan,NG,2021-12-01 18:55:50,7.3833,8.5667,85.1,18,71,4.07
355,Kavaratti,IN,2021-12-01 18:55:51,10.5669,72.642,81.64,79,4,13.27
356,Kirs,RU,2021-12-01 18:55:51,59.3388,52.2447,26.74,97,100,2.89
357,Reitz,ZA,2021-12-01 18:55:51,-27.8014,28.4273,65.68,50,6,5.46
358,Lavrentiya,RU,2021-12-01 18:55:52,65.5833,-171.0,-12.06,87,2,7.61
359,Twentynine Palms,US,2021-12-01 18:53:11,34.1356,-116.0542,80.92,14,0,1.01
360,Ouadda,CF,2021-12-01 18:55:52,8.0777,22.4007,75.52,33,50,3.76
361,Verkhnevilyuysk,RU,2021-12-01 18:55:52,63.4453,120.3167,-28.05,100,99,3.02
362,Crestview,US,2021-12-01 18:52:11,30.7621,-86.5705,73.76,46,1,4.0
363,Nuuk,GL,2021-12-01 18:55:53,64.1835,-51.7216,34.88,93,8,29.24
364,Tual,ID,2021-12-01 18:55:53,-5.6667,132.75,82.24,77,100,3.71
365,Sitka,US,2021-12-01 18:55:54,57.0531,-135.33,37.56,96,100,7.31
366,Atar,MR,2021-12-01 18:55:54,20.5169,-13.0499,77.34,13,100,11.07
367,Chara,RU,2021-12-01 18:55:54,56.9064,118.2631,1.78,83,100,2.39
368,Lodja,CD,2021-12-01 18:55:54,-3.4833,23.4333,68.86,97,55,1.7
369,Sao Joao Da Barra,BR,2021-12-01 18:55:55,-21.6403,-41.0511,86.09,81,38,9.01
370,Nizhniy Tsasuchey,RU,2021-12-01 18:55:55,50.5167,115.1333,20.03,60,0,21.94
371,Turinsk,RU,2021-12-01 18:55:55,58.0458,63.696,35.53,89,100,16.17
372,Saint Anthony,US,2021-12-01 18:55:56,45.0205,-93.218,47.1,84,75,1.01
373,Kropotkin,RU,2021-12-01 18:55:56,45.4375,40.5756,40.46,88,100,19.24
374,Vuktyl,RU,2021-12-01 18:55:56,63.8567,57.3094,17.51,90,100,9.46
375,Port-Gentil,GA,2021-12-01 18:55:57,-0.7193,8.7815,78.76,89,75,4.61
376,Suihua,CN,2021-12-01 18:55:57,46.6406,126.9969,12.92,89,99,14.09
377,Saryozek,KZ,2021-12-01 18:55:57,44.3583,77.9753,33.19,40,4,3.53
378,Meulaboh,ID,2021-12-01 18:55:58,4.1363,96.1285,75.72,89,54,4.03
379,Ulladulla,AU,2021-12-01 18:55:58,-35.35,150.4667,63.5,93,4,2.86
380,Suraabad,AZ,2021-12-01 18:55:58,40.8192,49.4687,51.98,86,100,23.02
381,Fraga,ES,2021-12-01 18:51:04,41.5229,0.3489,50.83,76,100,18.88
382,Kargasok,RU,2021-12-01 18:55:59,59.0556,80.8572,27.77,87,100,14.85
383,Churapcha,RU,2021-12-01 18:55:59,62.0025,132.4325,-29.81,99,21,4.97
384,Ostrovnoy,RU,2021-12-01 18:55:59,68.0531,39.5131,25.11,87,100,35.48
385,Alihe,CN,2021-12-01 18:56:00,50.5667,123.7167,12.6,94,100,0.47
386,Emerald,AU,2021-12-01 18:56:00,-23.5333,148.1667,71.74,81,0,0.0
387,Sao Jose Da Coroa Grande,BR,2021-12-01 18:53:48,-8.8978,-35.1478,83.12,61,62,10.71
388,Champasak,LA,2021-12-01 18:56:00,14.75,106.0,63.63,86,12,1.68
389,Orito,CO,2021-12-01 18:56:01,0.6766,-76.8771,87.39,53,68,4.74
390,Igarka,RU,2021-12-01 18:56:01,67.4667,86.5833,-29.09,99,15,5.79
391,Galesong,ID,2021-12-01 18:56:01,-5.3166,119.3661,77.02,79,100,2.28
392,Iskilip,TR,2021-12-01 18:56:02,40.7353,34.4739,37.18,62,11,4.03
393,Gigmoto,PH,2021-12-01 18:56:02,13.7796,124.39,78.69,90,100,19.64
394,Okhotsk,RU,2021-12-01 18:56:02,59.3833,143.3,-9.42,87,100,22.17
395,Brotas,BR,2021-12-01 18:56:03,-22.2842,-48.1267,87.06,37,0,7.92
396,Kaeo,NZ,2021-12-01 18:56:03,-35.1,173.7833,63.32,95,100,4.05
397,Gueugnon,FR,2021-12-01 18:56:03,46.6036,4.0629,46.98,85,100,7.0
398,Sola,VU,2021-12-01 18:56:04,-13.8833,167.55,81.23,74,89,6.22
399,Empalme,MX,2021-12-01 18:56:04,27.9667,-110.8167,81.36,34,0,1.92
400,Mahon,ES,2021-12-01 18:56:04,39.8885,4.2658,57.76,72,20,13.8
401,Ferrol,ES,2021-12-01 18:56:05,43.4832,-8.2369,54.57,79,100,16.13
402,Moron,AR,2021-12-01 18:56:05,-34.6534,-58.6198,76.01,61,60,3.0
403,Inhambane,MZ,2021-12-01 18:56:06,-23.865,35.3833,75.18,83,40,5.01
404,Ambon,ID,2021-12-01 18:56:06,-3.6954,128.1814,81.88,77,93,9.86
405,Tema,GH,2021-12-01 18:56:06,5.667,-0.0166,82.81,83,20,11.5
406,Adre,TD,2021-12-01 18:56:06,13.4667,22.2,73.72,20,0,11.01
407,Chipinge,ZW,2021-12-01 18:56:07,-20.1883,32.6236,69.03,48,0,7.67
408,Kupang,ID,2021-12-01 18:56:07,-10.1667,123.5833,80.28,80,93,4.5
409,Baracoa,CU,2021-12-01 18:56:07,20.3467,-74.4958,80.96,69,50,7.78
410,Sharlyk,RU,2021-12-01 18:56:08,52.9167,54.75,35.94,100,100,11.54
411,Taltal,CL,2021-12-01 18:56:08,-25.4,-70.4833,67.03,68,23,9.01
412,Svetlyy,RU,2021-12-01 18:56:08,54.675,20.1347,32.05,99,100,19.01
413,Kilindoni,TZ,2021-12-01 18:56:09,-7.9139,39.6668,81.46,74,15,10.51
414,Tamala,RU,2021-12-01 18:56:09,52.541,43.2515,28.6,71,91,11.23
415,Homer,US,2021-12-01 18:56:09,59.6425,-151.5483,16.09,91,100,6.06
416,La Ciotat,FR,2021-12-01 18:56:10,43.1748,5.6045,54.55,92,100,19.42
417,Dona Ines,BR,2021-12-01 18:56:10,-6.6167,-35.6333,85.39,42,94,15.59
418,Mbandaka,CD,2021-12-01 18:56:10,0.0487,18.2603,71.01,97,86,3.18
419,Gat,IL,2021-12-01 18:56:11,31.61,34.7642,65.08,100,89,13.8
420,Codrington,AU,2021-12-01 18:56:11,-38.2667,141.9667,54.57,96,26,2.3
421,Fort Frances,CA,2021-12-01 18:54:09,48.5999,-93.4003,36.16,69,90,4.61
422,Iznoski,RU,2021-12-01 18:56:11,54.9881,35.3108,17.47,88,67,8.01
423,Rio Grande,BR,2021-12-01 18:56:12,-32.035,-52.0986,75.31,61,45,12.26
424,Sabha,LY,2021-12-01 18:56:12,27.0377,14.4283,58.57,28,97,7.18
425,Leh,IN,2021-12-01 18:56:12,34.1667,77.5833,20.73,49,100,3.44
426,Tigil,RU,2021-12-01 18:56:13,57.8,158.6667,23.13,95,100,15.35
427,Nova Venecia,BR,2021-12-01 18:56:13,-18.7106,-40.4006,81.52,77,92,1.34
428,General Roca,AR,2021-12-01 18:56:13,-39.0333,-67.5833,87.62,10,100,18.3
429,Charters Towers,AU,2021-12-01 18:56:14,-20.1,146.2667,76.35,74,0,5.84
430,Moussoro,TD,2021-12-01 18:56:14,13.6408,16.4901,82.45,19,5,17.78
431,Pimentel,PE,2021-12-01 18:56:14,-6.8367,-79.9342,75.49,57,0,17.27
432,Jacqueville,CI,2021-12-01 18:56:15,5.2052,-4.4146,75.11,78,93,8.52
433,Port Lincoln,AU,2021-12-01 18:56:15,-34.7333,135.8667,57.49,81,100,12.73
434,Kozlovo,RU,2021-12-01 18:56:15,56.5167,36.2667,18.25,89,91,9.53
435,Esperance,AU,2021-12-01 18:56:15,-33.8667,121.9,55.24,73,37,6.24
436,Flin Flon,CA,2021-12-01 18:56:16,54.7682,-101.865,13.84,92,90,6.91
437,Ouallam,NE,2021-12-01 18:56:16,14.3188,2.0866,83.84,12,100,10.54
438,Nicoya,CR,2021-12-01 18:56:16,10.1483,-85.452,83.75,91,100,5.14
439,Avera,US,2021-12-01 18:56:17,33.194,-82.5271,69.46,35,2,8.59
440,Atambua,ID,2021-12-01 18:56:17,-9.1061,124.8925,75.16,82,100,0.45
441,Beringovskiy,RU,2021-12-01 18:56:18,63.05,179.3167,25.54,97,100,13.62
442,Lagoa,PT,2021-12-01 18:56:18,39.05,-27.9833,62.78,85,48,14.14
443,Kapoeta,SS,2021-12-01 18:56:18,4.7717,33.5903,85.73,27,100,12.3
444,Mount Pleasant,US,2021-12-01 18:51:33,32.7941,-79.8626,72.05,52,1,1.01
445,Juneau,US,2021-12-01 18:56:19,58.3019,-134.4197,36.84,98,100,5.46
446,Sena Madureira,BR,2021-12-01 18:56:19,-9.0656,-68.6569,90.07,49,94,6.13
447,Inirida,CO,2021-12-01 18:56:19,3.8653,-67.9239,86.7,66,100,2.15
448,Nebug,RU,2021-12-01 18:56:20,44.1714,39.0036,48.22,71,100,20.58
449,Batagay-Alyta,RU,2021-12-01 18:56:20,67.8006,130.4114,-38.52,97,35,4.21
450,Prince Rupert,CA,2021-12-01 18:56:20,54.3161,-130.3201,44.29,90,90,13.8
451,Keti Bandar,PK,2021-12-01 18:56:21,24.1447,67.4497,74.88,57,0,4.41
452,Porosozero,RU,2021-12-01 18:56:21,62.7191,32.727,17.71,93,100,8.3
453,Namatanai,PG,2021-12-01 18:56:21,-3.6667,152.4333,79.47,81,75,5.82
454,Broken Hill,AU,2021-12-01 18:56:21,-31.95,141.4333,73.11,46,2,18.41
455,Gloversville,US,2021-12-01 18:52:06,43.0528,-74.3438,41.07,75,90,11.01
456,Tecpan,GT,2021-12-01 18:56:22,14.7623,-90.9947,65.61,37,4,5.93
457,Thunder Bay,CA,2021-12-01 18:56:04,48.4001,-89.3168,34.99,94,90,2.3
458,Sinnamary,GF,2021-12-01 18:56:22,5.3833,-52.95,79.36,89,100,11.9
459,Miles City,US,2021-12-01 18:56:23,46.4083,-105.8406,69.51,31,64,28.79
460,Tromso,NO,2021-12-01 18:56:23,69.6496,18.957,30.22,74,75,3.0
461,Mocuba,MZ,2021-12-01 18:56:23,-16.8392,36.9856,77.83,83,88,6.8
462,Sharan,RU,2021-12-01 18:56:24,54.8167,54.0,34.72,99,100,8.43
463,Hobe Sound,US,2021-12-01 18:54:04,27.0595,-80.1364,81.0,63,40,9.22
464,Anadyr,RU,2021-12-01 18:56:24,64.75,177.4833,9.1,85,75,22.37
465,Chapais,CA,2021-12-01 18:56:24,49.7834,-74.8492,11.98,83,100,9.53
466,Shenjiamen,CN,2021-12-01 18:56:25,29.9576,122.298,49.23,64,100,16.11
467,Holbeach,GB,2021-12-01 18:56:25,52.804,0.0144,42.33,81,29,15.01
468,Chimbote,PE,2021-12-01 18:56:25,-9.0853,-78.5783,70.84,73,74,11.23
469,San Quintin,MX,2021-12-01 18:56:26,30.4833,-115.95,72.27,45,0,5.23
470,Noumea,NC,2021-12-01 18:56:26,-22.2763,166.4572,81.0,99,73,10.13
471,Westport,US,2021-12-01 18:52:42,41.1415,-73.3579,50.76,49,90,1.01
472,Nishihara,JP,2021-12-01 18:56:26,26.1842,127.7558,65.48,52,75,18.41
473,Hervey Bay,AU,2021-12-01 18:56:27,-25.2986,152.8535,75.04,96,5,3.0
474,Severo-Yeniseyskiy,RU,2021-12-01 18:56:27,60.3725,93.0408,13.08,94,100,5.57
475,Clyde River,CA,2021-12-01 18:56:27,70.4692,-68.5914,7.03,85,100,32.21
476,Along,IN,2021-12-01 18:56:28,28.1667,94.7667,54.9,71,99,1.97
477,Cockburn Town,TC,2021-12-01 18:56:28,21.4612,-71.1419,78.76,78,40,9.22
478,Faya,SA,2021-12-01 18:56:28,18.3851,42.4509,57.31,34,0,2.59
479,Kyabe,TD,2021-12-01 18:56:29,9.4515,18.9449,84.2,19,61,4.94
480,Dogbo,BJ,2021-12-01 18:56:29,6.8167,1.7833,80.4,78,100,7.96
481,Topchanchi,IN,2021-12-01 18:56:29,23.9,86.2,63.28,54,4,4.29
482,Beloit,US,2021-12-01 18:56:29,42.5084,-89.0318,52.02,76,75,5.99
483,Firozabad,IN,2021-12-01 18:56:30,27.15,78.4167,65.88,36,100,4.45
484,Pasaquina,SV,2021-12-01 18:56:30,13.5844,-87.8411,94.82,26,0,4.7
485,Tabuk,PH,2021-12-01 18:56:31,17.4189,121.4443,66.63,92,73,5.77
486,Paita,PE,2021-12-01 18:56:31,-5.0892,-81.1144,77.56,74,99,15.39
487,Panalingaan,PH,2021-12-01 18:56:31,8.7842,117.4231,78.4,87,83,3.83
488,Lexington,US,2021-12-01 18:56:11,37.9887,-84.4777,57.94,67,100,1.01
489,Galveston,US,2021-12-01 18:56:32,29.3669,-94.9669,79.21,68,38,1.01
490,Lethem,GY,2021-12-01 18:56:32,3.3803,-59.7968,91.45,58,40,13.8
491,Satuk,TR,2021-12-01 18:56:32,41.2263,32.3836,37.09,85,98,3.51
492,Sao Miguel Do Araguaia,BR,2021-12-01 18:56:32,-13.275,-50.1628,81.95,77,100,4.29
493,Cardonal,MX,2021-12-01 18:56:33,20.6,-99.1333,69.51,37,100,6.17
494,Stornoway,GB,2021-12-01 18:56:33,58.2093,-6.3865,39.16,76,75,5.01
495,Singarayakonda,IN,2021-12-01 18:56:33,15.25,80.0333,75.47,73,0,9.31
496,Vagur,FO,2021-12-01 18:56:34,61.4732,-6.8119,36.91,65,81,32.17
497,Payo,ID,2021-12-01 18:56:34,-3.7508,103.6372,73.58,86,36,0.87
498,Los Llanos De Aridane,ES,2021-12-01 18:56:34,28.6585,-17.9182,62.35,84,40,10.36
499,Discovery Bay,US,2021-12-01 18:56:35,37.9085,-121.6002,69.06,55,0,3.36
500,Manicore,BR,2021-12-01 18:56:35,-5.8092,-61.3003,77.45,95,100,4.05
501,Nova Odesa,UA,2021-12-01 18:56:35,47.3078,31.7851,34.32,85,21,6.76
502,Olavarria,AR,2021-12-01 18:56:36,-36.8927,-60.3225,76.89,34,0,9.22
503,Snasa,NO,2021-12-01 18:56:36,64.2457,12.3778,17.01,93,100,2.86
504,Guadalupe Y Calvo,MX,2021-12-01 18:56:36,26.1,-106.9667,64.11,37,35,4.7
505,Richards Bay,ZA,2021-12-01 18:56:37,-28.783,32.0377,74.97,86,39,13.51
506,Nanning,CN,2021-12-01 18:56:37,22.8167,108.3167,46.85,48,100,3.11
507,Kautokeino,NO,2021-12-01 18:56:37,69.0125,23.0412,22.15,93,100,23.29
508,Shelburne,CA,2021-12-01 18:56:19,44.0787,-80.2041,38.57,76,100,8.95
509,Berdigestyakh,RU,2021-12-01 18:56:38,62.0989,126.6992,-14.84,97,92,5.73
510,Kantunilkin,MX,2021-12-01 18:56:38,21.0917,-87.45,74.95,89,85,3.15
511,Verl,DE,2021-12-01 18:56:38,51.55,7.9167,43.84,88,100,1.99
512,Batagay,RU,2021-12-01 18:56:39,67.6333,134.6333,-38.88,100,99,0.98
513,Port Blair,IN,2021-12-01 18:56:39,11.6667,92.75,80.42,84,100,23.04
514,Bintulu,MY,2021-12-01 18:56:39,3.1667,113.0333,77.41,94,20,5.99
515,Paamiut,GL,2021-12-01 18:56:40,61.994,-49.6678,35.01,69,100,50.42
516,Lunenburg,CA,2021-12-01 18:55:44,44.3835,-64.3155,43.05,66,21,8.05
517,Jinchang,CN,2021-12-01 18:56:40,38.4953,102.1739,27.12,26,0,2.82
518,Nisshin,JP,2021-12-01 18:56:41,35.1658,136.964,45.68,85,8,10.87
519,Saint-Leu,RE,2021-12-01 18:56:41,-21.15,55.2833,76.03,69,46,12.55
520,Souillac,MU,2021-12-01 18:56:41,-20.5167,57.5167,77.38,78,20,6.91
521,Waingapu,ID,2021-12-01 18:56:42,-9.6567,120.2641,78.55,78,100,5.32
522,San Andres,CO,2021-12-01 18:56:27,12.5847,-81.7006,86.02,74,75,18.41
523,Vila Franca Do Campo,PT,2021-12-01 18:56:42,37.7167,-25.4333,65.19,83,12,8.43
524,Malazgirt,TR,2021-12-01 18:56:42,39.1427,42.5401,36.18,93,100,4.03
525,Mchinji,MW,2021-12-01 18:56:43,-13.7984,32.8802,73.44,58,35,4.94
526,Muromtsevo,RU,2021-12-01 18:56:43,56.3724,75.2418,24.53,83,100,9.28
527,Mount Isa,AU,2021-12-01 18:56:43,-20.7333,139.5,80.37,24,6,1.14
528,Balkanabat,TM,2021-12-01 18:56:44,39.5108,54.3671,69.37,28,100,3.22
529,Fairbanks,US,2021-12-01 18:56:44,64.8378,-147.7164,-1.91,77,90,0.0
530,Kalmunai,LK,2021-12-01 18:56:44,7.4167,81.8167,77.45,82,100,3.71
531,Quang Ngai,VN,2021-12-01 18:56:45,15.1167,108.8,67.95,87,25,8.41
532,Anthisnes,BE,2021-12-01 18:56:45,50.4832,5.519,41.72,93,75,16.11
533,Chifeng,CN,2021-12-01 18:56:45,42.2683,118.9636,24.31,53,0,12.21
534,Husavik,IS,2021-12-01 18:56:45,66.0449,-17.3389,19.31,93,100,12.97
535,Ginir,ET,2021-12-01 18:56:46,7.1333,40.7,56.55,36,72,5.28
536,Scarborough,GB,2021-12-01 18:52:41,54.2797,-0.4044,40.91,82,66,13.0
537,Balagansk,RU,2021-12-01 18:56:46,54.0103,103.0544,22.05,94,100,7.47
538,Black Diamond,US,2021-12-01 18:56:46,47.3087,-122.0032,58.35,75,100,1.01
539,Tautira,PF,2021-12-01 18:56:47,-17.7333,-149.15,82.42,78,100,20.36
540,Vardo,NO,2021-12-01 18:56:47,70.3705,31.1107,35.58,64,75,33.38
541,Geraldton,AU,2021-12-01 18:56:47,-28.7667,114.6,61.21,72,0,19.57
542,Araouane,ML,2021-12-01 18:56:48,18.9048,-3.5265,79.03,12,46,7.94
543,Ustupo,PA,2021-12-01 18:56:48,9.1333,-77.9333,81.97,84,89,8.21
544,Hauterive,FR,2021-12-01 18:56:48,46.0901,3.4459,47.16,91,72,4.97
545,Pemba,MZ,2021-12-01 18:55:06,-12.974,40.5178,81.3,83,20,10.0
546,Loukhi,RU,2021-12-01 18:56:49,66.0764,33.0381,18.27,91,100,10.58
547,Male,MV,2021-12-01 18:53:29,4.1748,73.5089,82.35,83,75,4.61
548,Basco,PH,2021-12-01 18:56:49,20.4487,121.9702,71.94,69,100,28.52
549,Emet,TR,2021-12-01 18:56:49,39.343,29.2585,33.94,77,0,4.59
550,Banda Aceh,ID,2021-12-01 18:56:50,5.5577,95.3222,78.12,82,27,10.11
551,Xining,CN,2021-12-01 18:56:50,36.6167,101.7667,21.04,59,0,3.44
552,Margherita,IN,2021-12-01 18:56:50,27.2833,95.6833,62.04,72,6,2.35
553,Cortez,US,2021-12-01 18:56:51,37.3489,-108.5859,63.41,16,6,5.3
554,Mto Wa Mbu,TZ,2021-12-01 18:56:51,-3.35,35.85,72.25,75,81,5.88
555,Riohacha,CO,2021-12-01 18:56:51,11.5444,-72.9072,88.27,56,15,15.32
556,Cairns,AU,2021-12-01 18:56:52,-16.9167,145.7667,77.07,93,99,9.22
557,Kozova,UA,2021-12-01 18:56:52,49.4354,25.1509,35.02,98,100,11.86
558,Chicama,PE,2021-12-01 18:56:52,-7.8447,-79.1469,66.74,61,63,11.07
559,Isabela,PH,2021-12-01 18:56:52,6.7085,121.9711,77.05,86,100,4.72
560,Camopi,GF,2021-12-01 18:56:53,3.1655,-52.3158,76.01,98,100,3.62
561,Bonavista,CA,2021-12-01 18:56:53,48.6499,-53.1147,42.12,68,100,14.29
562,Valday,RU,2021-12-01 18:56:53,57.9747,33.2525,18.54,94,100,8.97
