City_ID,City,Lat,Lng,Max Temp,Humidity,Cloudiness,Wind Speed,Country,Date,Description
0,Kirakira,-10.4544,161.9205,83.26,78,100,7.4,SB,2021-12-06 22:34:24,overcast clouds
1,Albany,42.6001,-73.9662,58.08,88,100,11.54,US,2021-12-06 22:30:48,light rain
2,Yellowknife,62.456,-114.3525,-16.58,83,75,4.61,CA,2021-12-06 22:31:14,broken clouds
3,Roald,62.5833,6.1333,37.09,59,75,20.71,NO,2021-12-06 22:38:43,broken clouds
4,Derzhavinsk,51.1,66.3167,20.82,97,100,5.28,KZ,2021-12-06 22:38:44,light snow
5,Shimoda,34.6667,138.95,56.1,82,80,18.19,JP,2021-12-06 22:38:44,broken clouds
6,Rikitea,-23.1203,-134.9692,76.42,72,73,8.5,PF,2021-12-06 22:32:14,broken clouds
7,Quepos,9.4236,-84.1652,87.1,86,77,2.37,CR,2021-12-06 22:38:44,broken clouds
8,Saint George,37.1041,-113.5841,68.47,24,1,0.0,US,2021-12-06 22:32:12,clear sky
9,Verkhoyansk,67.5447,133.385,-41.1,92,78,3.87,RU,2021-12-06 22:38:45,broken clouds
10,Hobart,-42.8794,147.3294,56.12,83,75,9.22,AU,2021-12-06 22:31:56,light intensity shower rain
11,Bac Lieu,9.285,105.7244,74.28,88,98,6.42,VN,2021-12-06 22:38:45,overcast clouds
12,Talnakh,69.4865,88.3972,-9.8,99,100,12.06,RU,2021-12-06 22:32:15,light snow
13,Upernavik,72.7868,-56.1549,18.09,93,100,5.91,GL,2021-12-06 22:32:24,overcast clouds
14,Bluff,-46.6,168.3333,61.81,54,2,6.64,NZ,2021-12-06 22:32:10,clear sky
15,Lavrentiya,65.5833,-171.0,-2.04,92,100,8.88,RU,2021-12-06 22:33:12,overcast clouds
16,Puerto Ayora,-0.7393,-90.3518,76.96,78,54,9.1,EC,2021-12-06 22:32:33,broken clouds
17,Chapais,49.7834,-74.8492,19.18,98,100,7.56,CA,2021-12-06 22:33:33,snow
18,Beringovskiy,63.05,179.3167,-5.39,84,80,9.26,RU,2021-12-06 22:32:32,broken clouds
19,Tynda,55.1667,124.7167,-14.33,99,13,1.01,RU,2021-12-06 22:38:46,few clouds
20,Ushuaia,-54.8,-68.3,56.86,44,75,17.27,AR,2021-12-06 22:32:12,broken clouds
21,Nishihara,26.1842,127.7558,65.48,77,20,9.22,JP,2021-12-06 22:34:22,few clouds
22,Lebu,-37.6167,-73.65,60.08,83,4,12.75,CL,2021-12-06 22:33:11,clear sky
23,Storsteinnes,69.2408,19.2344,15.8,72,67,7.83,NO,2021-12-06 22:38:47,broken clouds
24,Pemangkat,1.1667,108.9667,79.43,83,100,6.91,ID,2021-12-06 22:34:43,overcast clouds
25,Punta Arenas,-53.15,-70.9167,51.12,85,100,15.75,CL,2021-12-06 22:27:56,light rain
26,Hilo,19.7297,-155.09,75.25,92,90,6.91,US,2021-12-06 22:32:27,heavy intensity rain
27,Iqaluit,63.7506,-68.5145,10.13,60,40,4.0,CA,2021-12-06 22:32:32,scattered clouds
28,Atuona,-9.8,-139.0333,79.12,67,11,19.53,PF,2021-12-06 22:32:44,few clouds
29,Pedernales,18.0384,-71.744,80.53,67,0,8.21,DO,2021-12-06 22:38:48,clear sky
30,Cape Town,-33.9258,18.4232,62.11,71,0,1.99,ZA,2021-12-06 22:27:51,clear sky
31,Harper,4.375,-7.7169,79.27,84,56,9.93,LR,2021-12-06 22:33:46,broken clouds
32,Rauma,61.1272,21.5113,-0.36,93,93,5.84,FI,2021-12-06 22:38:48,overcast clouds
33,Ribeira Grande,38.5167,-28.7,64.74,78,100,17.02,PT,2021-12-06 22:32:20,overcast clouds
34,Vaini,-21.2,-175.2,82.56,83,75,10.36,TO,2021-12-06 22:32:15,broken clouds
35,Nikolskoye,59.7035,30.7861,4.91,97,100,3.31,RU,2021-12-06 22:32:22,overcast clouds
36,Shiyan,32.6475,110.7781,40.28,52,10,7.25,CN,2021-12-06 22:38:49,clear sky
37,Khandyga,62.6667,135.6,-18.18,99,100,1.28,RU,2021-12-06 22:38:49,overcast clouds
38,Herrenberg,48.5952,8.8665,36.61,84,100,7.18,DE,2021-12-06 22:38:49,overcast clouds
39,New Norfolk,-42.7826,147.0587,55.76,58,100,4.47,AU,2021-12-06 22:32:16,overcast clouds
40,Butaritari,3.0707,172.7902,83.07,75,98,14.43,KI,2021-12-06 22:32:44,light rain
41,Barrow,71.2906,-156.7887,24.82,74,1,19.57,US,2021-12-06 22:31:36,clear sky
42,Pinheiro Machado,-31.5783,-53.3811,63.05,88,45,10.83,BR,2021-12-06 22:38:50,scattered clouds
43,Misratah,32.3754,15.0925,55.78,62,54,38.23,LY,2021-12-06 22:38:48,broken clouds
44,Ahipara,-35.1667,173.1667,71.83,71,100,8.25,NZ,2021-12-06 22:32:29,overcast clouds
45,Pisco,-13.7,-76.2167,69.85,73,0,13.8,PE,2021-12-06 22:32:25,light rain
46,Makakilo City,21.3469,-158.0858,73.72,85,40,9.22,US,2021-12-06 22:32:52,moderate rain
47,Saint-Philippe,-21.3585,55.7679,76.59,80,22,9.98,RE,2021-12-06 22:32:21,few clouds
48,Saint-Francois,46.4154,3.9054,38.68,92,90,3.44,FR,2021-12-06 22:38:51,mist
49,Port Lincoln,-34.7333,135.8667,59.29,57,90,12.5,AU,2021-12-06 22:36:10,overcast clouds
50,Port Hedland,-20.3167,118.5667,82.45,83,87,6.91,AU,2021-12-06 22:38:51,overcast clouds
51,Ambilobe,-13.2,49.05,73.9,75,13,4.05,MG,2021-12-06 22:38:51,few clouds
52,Brae,60.3964,-1.353,44.51,72,98,16.71,GB,2021-12-06 22:38:52,overcast clouds
53,Jamestown,42.097,-79.2353,36.99,75,90,15.99,US,2021-12-06 22:30:55,light snow
54,Sao Joao Da Barra,-21.6403,-41.0511,72.27,88,100,6.55,BR,2021-12-06 22:29:14,overcast clouds
55,Zwedru,6.0667,-8.1281,76.03,85,90,2.26,LR,2021-12-06 22:38:52,overcast clouds
56,Lubango,-14.9172,13.4925,61.02,79,50,3.58,AO,2021-12-06 22:38:53,scattered clouds
57,Shelburne,44.0787,-80.2041,31.42,87,76,26.4,CA,2021-12-06 22:38:53,snow
58,Bredasdorp,-34.5322,20.0403,52.29,79,8,3.51,ZA,2021-12-06 22:32:14,clear sky
59,Kalakamati,-20.5929,27.3121,70.5,61,91,5.95,BW,2021-12-06 22:38:54,overcast clouds
60,Ancud,-41.8697,-73.8203,65.43,64,0,1.48,CL,2021-12-06 22:32:49,clear sky
61,Sao Felix Do Xingu,-6.6447,-51.995,74.64,97,100,0.98,BR,2021-12-06 22:38:21,overcast clouds
62,Narsaq,60.9167,-46.05,21.42,66,75,19.35,GL,2021-12-06 22:28:02,broken clouds
63,Port Elizabeth,-33.918,25.5701,62.1,94,0,5.75,ZA,2021-12-06 22:34:13,clear sky
64,Mataura,-46.1927,168.8643,61.48,44,4,2.59,NZ,2021-12-06 22:32:22,clear sky
65,Dunedin,-45.8742,170.5036,51.42,92,100,10.63,NZ,2021-12-06 22:38:55,overcast clouds
66,Patur,20.45,76.9333,65.1,62,0,4.52,IN,2021-12-06 22:38:55,clear sky
67,Kleinblittersdorf,49.1578,7.0373,37.92,98,75,13.8,DE,2021-12-06 22:38:56,broken clouds
68,Binzhou,37.3667,118.0167,35.31,71,0,1.72,CN,2021-12-06 22:38:56,clear sky
69,Georgetown,5.4112,100.3354,77.9,81,20,0.0,MY,2021-12-06 22:31:27,few clouds
70,Richards Bay,-28.783,32.0377,73.24,85,77,14.38,ZA,2021-12-06 22:33:41,broken clouds
71,Tual,-5.6667,132.75,83.53,75,100,4.88,ID,2021-12-06 22:34:52,overcast clouds
72,Avarua,-21.2078,-159.775,75.25,94,75,6.91,CK,2021-12-06 22:32:53,light rain
73,Qaanaaq,77.484,-69.3632,19.65,80,100,7.47,GL,2021-12-06 22:32:26,overcast clouds
74,Aripuana,-9.1667,-60.6333,74.48,94,94,2.71,BR,2021-12-06 22:34:15,overcast clouds
75,Bousso,10.4795,16.7117,78.4,25,49,6.78,TD,2021-12-06 22:38:57,scattered clouds
76,Aranos,-24.1333,19.1167,72.05,20,0,9.55,NA,2021-12-06 22:34:48,clear sky
77,Gamba,-2.65,10.0,74.93,94,100,4.05,GA,2021-12-06 22:38:57,overcast clouds
78,Lillooet,50.6856,-121.942,29.16,75,100,2.17,CA,2021-12-06 22:38:58,overcast clouds
79,Lasa,46.6166,10.7002,27.7,71,51,4.14,IT,2021-12-06 22:38:58,broken clouds
80,Banning,33.9256,-116.8764,77.81,21,62,9.19,US,2021-12-06 22:38:58,broken clouds
81,Cayenne,4.9333,-52.3333,78.1,89,0,0.0,GF,2021-12-06 22:30:23,clear sky
82,Leningradskiy,69.3833,178.4167,-6.38,86,100,28.12,RU,2021-12-06 22:33:27,overcast clouds
83,Lashio,22.9333,97.75,59.38,92,60,0.83,MM,2021-12-06 22:38:59,broken clouds
84,Ciudad Bolivar,8.1222,-63.5497,81.36,67,81,13.33,VE,2021-12-06 22:38:59,broken clouds
85,Tignere,7.3667,12.65,71.19,29,100,2.26,CM,2021-12-06 22:38:59,overcast clouds
86,Tukrah,32.5341,20.5791,58.5,59,29,32.97,LY,2021-12-06 22:39:00,scattered clouds
87,Lexington,37.9887,-84.4777,38.52,52,1,3.0,US,2021-12-06 22:36:40,clear sky
88,Dubbo,-32.25,148.6167,71.73,73,75,4.61,AU,2021-12-06 22:39:00,broken clouds
89,Veere,51.5483,3.6667,46.38,66,75,13.0,NL,2021-12-06 22:39:00,broken clouds
90,Kapaa,22.0752,-159.319,71.92,80,90,12.66,US,2021-12-06 22:32:18,heavy intensity rain
91,Arraial Do Cabo,-22.9661,-42.0278,73.81,87,74,8.28,BR,2021-12-06 22:32:18,broken clouds
92,Kodiak,57.79,-152.4072,38.71,87,90,17.27,US,2021-12-06 22:32:23,moderate rain
93,Hasaki,35.7333,140.8333,50.29,78,95,15.05,JP,2021-12-06 22:32:56,overcast clouds
94,Novorudnyy,51.5026,58.1873,19.89,90,51,5.57,RU,2021-12-06 22:39:01,broken clouds
95,Anori,-3.7728,-61.6442,75.51,97,77,3.22,BR,2021-12-06 22:39:01,light rain
96,Khatanga,71.9667,102.5,-7.06,98,100,8.25,RU,2021-12-06 22:33:39,overcast clouds
97,Bilma,18.6853,12.9164,67.19,17,4,7.96,NE,2021-12-06 22:32:56,clear sky
98,Isangel,-19.55,169.2667,84.31,74,75,0.0,VU,2021-12-06 22:32:24,broken clouds
99,Melbourne,28.0836,-80.6081,78.04,85,1,6.91,US,2021-12-06 22:34:46,clear sky
100,Geraldton,-28.7667,114.6,75.61,46,0,13.8,AU,2021-12-06 22:29:09,clear sky
101,Hermanus,-34.4187,19.2345,59.9,76,7,2.37,ZA,2021-12-06 22:32:13,clear sky
102,Keti Bandar,24.1447,67.4497,69.1,30,0,12.75,PK,2021-12-06 22:39:02,clear sky
103,Bethel,41.3712,-73.414,58.1,88,75,5.01,US,2021-12-06 22:32:16,broken clouds
104,Fevik,58.3794,8.6766,24.57,84,100,16.4,NO,2021-12-06 22:39:03,light snow
105,Half Moon Bay,37.4636,-122.4286,61.61,88,90,3.0,US,2021-12-06 22:30:05,mist
106,Lorengau,-2.0226,147.2712,84.61,78,97,14.63,PG,2021-12-06 22:33:00,overcast clouds
107,Caravelas,-17.7125,-39.2481,76.6,84,96,7.7,BR,2021-12-06 22:38:31,light rain
108,Nanakuli,21.3906,-158.1547,75.15,94,90,6.91,US,2021-12-06 22:39:03,moderate rain
109,Acarau,-2.8856,-40.12,81.34,80,36,19.15,BR,2021-12-06 22:39:04,scattered clouds
110,Ankazoabo,-22.2833,44.5167,76.06,65,1,4.23,MG,2021-12-06 22:39:04,clear sky
111,Numazu,35.1,138.8667,56.01,78,95,7.74,JP,2021-12-06 22:39:04,overcast clouds
112,Russell,32.3502,-85.1999,62.96,93,90,0.0,US,2021-12-06 22:38:37,heavy intensity rain
113,Castro,-24.7911,-50.0119,59.0,97,67,3.02,BR,2021-12-06 22:33:09,broken clouds
114,Te Anau,-45.4167,167.7167,60.13,55,13,1.32,NZ,2021-12-06 22:32:11,few clouds
115,Thompson,55.7435,-97.8558,-18.24,69,20,6.91,CA,2021-12-06 22:28:57,few clouds
116,Alta Floresta,-9.8756,-56.0861,74.35,95,86,1.52,BR,2021-12-06 22:38:34,overcast clouds
117,Port Hardy,50.6996,-127.4199,41.0,87,90,26.46,CA,2021-12-06 22:30:04,light rain
118,Port Alfred,-33.5906,26.891,64.76,87,78,11.07,ZA,2021-12-06 22:32:08,broken clouds
119,Tabou,4.423,-7.3528,79.66,82,20,9.35,CI,2021-12-06 22:39:05,few clouds
120,Sungaipenuh,-2.0833,101.3833,63.16,93,99,1.66,ID,2021-12-06 22:39:06,overcast clouds
121,Mangan,27.5167,88.5333,55.74,80,76,6.78,IN,2021-12-06 22:39:06,broken clouds
122,Cherskiy,68.75,161.3,-24.54,97,100,4.38,RU,2021-12-06 22:30:30,overcast clouds
123,Axim,4.8699,-2.2405,79.9,84,85,6.33,GH,2021-12-06 22:39:06,overcast clouds
124,Nara,34.6851,135.8049,51.26,93,100,3.44,JP,2021-12-06 22:39:07,overcast clouds
125,Eureka,40.8021,-124.1637,52.41,84,100,3.58,US,2021-12-06 22:36:17,overcast clouds
126,Kigoma,-4.8769,29.6267,73.53,83,100,5.01,TZ,2021-12-06 22:35:24,light rain
127,Busselton,-33.65,115.3333,59.04,60,0,18.34,AU,2021-12-06 22:32:32,clear sky
128,Westport,41.1415,-73.3579,58.82,93,90,1.01,US,2021-12-06 22:31:07,overcast clouds
129,Buin,-33.7333,-70.75,81.05,42,0,7.25,CL,2021-12-06 22:39:08,clear sky
130,Wanaka,-44.7,169.15,56.05,63,70,1.88,NZ,2021-12-06 22:39:08,broken clouds
131,Jumla,29.2747,82.1838,32.0,91,40,4.9,NP,2021-12-06 22:39:08,scattered clouds
132,Atar,20.5169,-13.0499,67.93,13,98,9.86,MR,2021-12-06 22:39:09,overcast clouds
133,Daru,-9.0763,143.2092,82.69,74,100,3.06,PG,2021-12-06 22:33:23,overcast clouds
134,Tuktoyaktuk,69.4541,-133.0374,10.4,79,90,14.97,CA,2021-12-06 22:32:44,overcast clouds
135,Grindavik,63.8424,-22.4338,36.07,60,75,20.71,IS,2021-12-06 22:39:09,broken clouds
136,Thinadhoo,0.5333,72.9333,81.75,76,70,16.33,MV,2021-12-06 22:39:09,broken clouds
137,Lardos,36.0942,28.0157,62.94,68,39,22.91,GR,2021-12-06 22:39:10,scattered clouds
138,Hami,42.8,93.45,28.6,54,99,8.99,CN,2021-12-06 22:39:09,overcast clouds
139,Chicama,-7.8447,-79.1469,63.14,76,92,7.72,PE,2021-12-06 22:39:10,overcast clouds
140,Enshi,30.3,109.4833,46.63,88,98,1.81,CN,2021-12-06 22:39:10,overcast clouds
141,Boguchany,58.3814,97.4531,27.37,97,100,5.08,RU,2021-12-06 22:39:11,light snow
142,Ulaangom,49.9811,92.0667,4.24,84,87,5.08,MN,2021-12-06 22:39:11,overcast clouds
143,Mulege,26.8833,-111.9833,75.36,34,0,7.2,MX,2021-12-06 22:39:11,clear sky
144,Manta,-0.95,-80.7333,76.78,78,0,5.75,EC,2021-12-06 22:39:12,clear sky
145,Murygino,58.7383,49.4582,-8.01,100,62,1.59,RU,2021-12-06 22:39:12,broken clouds
146,Sitka,57.0531,-135.33,33.69,75,90,4.61,US,2021-12-06 22:33:04,overcast clouds
147,Palmer,42.1584,-72.3287,58.14,73,99,3.0,US,2021-12-06 22:32:53,overcast clouds
148,Airai,-8.9266,125.4092,62.2,90,86,2.28,TL,2021-12-06 22:28:03,overcast clouds
149,Dukat,62.55,155.55,-22.31,88,54,1.3,RU,2021-12-06 22:39:13,broken clouds
150,Esperance,-33.8667,121.9,58.84,60,27,14.7,AU,2021-12-06 22:32:48,scattered clouds
151,Ternate,0.8,127.4,82.11,81,100,9.4,ID,2021-12-06 22:39:13,moderate rain
152,Inta,66.0317,60.1659,7.83,94,100,23.4,RU,2021-12-06 22:39:14,light snow
153,Kavieng,-2.5744,150.7967,82.72,80,100,11.07,PG,2021-12-06 22:33:15,moderate rain
154,Traverse City,44.7631,-85.6206,29.14,84,90,11.5,US,2021-12-06 22:33:13,light snow
155,Kharp,66.8014,65.8081,6.48,90,97,9.22,RU,2021-12-06 22:39:14,overcast clouds
156,Ponta Do Sol,32.6667,-17.1,65.03,71,68,8.14,PT,2021-12-06 22:32:13,broken clouds
157,Constitucion,-35.3333,-72.4167,59.27,81,63,10.27,CL,2021-12-06 22:33:00,broken clouds
158,Conceicao Do Mato Dentro,-19.0372,-43.425,66.49,99,96,1.21,BR,2021-12-06 22:39:15,light rain
159,Saskylakh,71.9167,114.0833,-17.12,96,98,7.0,RU,2021-12-06 22:32:36,overcast clouds
160,Crixas,-14.5489,-49.9692,74.91,88,64,3.91,BR,2021-12-06 22:39:15,broken clouds
161,Homer,59.6425,-151.5483,35.49,91,90,14.97,US,2021-12-06 22:35:19,light snow
162,Leshukonskoye,64.8989,45.7622,17.29,90,100,8.59,RU,2021-12-06 22:39:16,overcast clouds
163,Sabha,27.0377,14.4283,47.61,41,0,12.26,LY,2021-12-06 22:39:16,clear sky
164,Odweyne,9.4092,45.064,64.35,38,9,5.41,SO,2021-12-06 22:34:41,clear sky
165,Husavik,66.0449,-17.3389,31.91,89,78,9.24,IS,2021-12-06 22:33:59,broken clouds
166,East London,-33.0153,27.9116,65.57,85,72,8.46,ZA,2021-12-06 22:32:26,light rain
167,Mahajanga,-15.7167,46.3167,82.42,54,20,9.22,MG,2021-12-06 22:39:16,few clouds
168,Coquimbo,-29.9533,-71.3436,61.25,75,4,3.51,CL,2021-12-06 22:31:22,clear sky
169,Klyuchi,52.2667,79.1667,32.52,98,100,12.71,RU,2021-12-06 22:39:17,light snow
170,Chake Chake,-5.2459,39.7666,77.09,82,89,3.56,TZ,2021-12-06 22:39:18,overcast clouds
171,Mount Isa,-20.7333,139.5,74.97,69,90,4.61,AU,2021-12-06 22:39:18,overcast clouds
172,Evensk,61.95,159.2333,-9.76,74,61,9.24,RU,2021-12-06 22:32:17,broken clouds
173,Urengoy,65.9667,78.3667,-12.19,89,94,12.44,RU,2021-12-06 22:33:05,overcast clouds
174,Bubaque,11.2833,-15.8333,81.7,77,61,11.54,GW,2021-12-06 22:39:19,broken clouds
175,Greytown,-29.0642,30.5928,58.26,94,11,3.56,ZA,2021-12-06 22:39:19,few clouds
176,Marsh Harbour,26.5412,-77.0636,77.29,83,28,11.63,BS,2021-12-06 22:35:29,scattered clouds
177,Pevek,69.7008,170.3133,-12.03,92,100,13.38,RU,2021-12-06 22:31:19,overcast clouds
178,Bezhetsk,57.7851,36.6965,21.07,93,100,12.41,RU,2021-12-06 22:39:20,light snow
179,Klaksvik,62.2266,-6.589,41.92,71,69,33.62,FO,2021-12-06 22:32:57,broken clouds
180,Dikson,73.5069,80.5464,-14.73,100,74,3.0,RU,2021-12-06 22:32:37,broken clouds
181,Omboue,-1.5746,9.2618,75.65,91,100,1.16,GA,2021-12-06 22:32:39,overcast clouds
182,Karratha,-20.7377,116.8463,88.09,36,86,8.59,AU,2021-12-06 22:34:27,overcast clouds
183,Kruisfontein,-34.0033,24.7314,59.88,95,71,4.97,ZA,2021-12-06 22:33:40,broken clouds
184,Brigantine,39.4101,-74.3646,63.27,91,1,18.41,US,2021-12-06 22:33:41,clear sky
185,Chuy,-33.6971,-53.4616,63.54,86,4,7.11,UY,2021-12-06 22:33:09,clear sky
186,Acapulco,16.8634,-99.8901,85.82,74,1,6.91,MX,2021-12-06 22:30:38,clear sky
187,Munchenbuchsee,47.0218,7.4504,34.81,91,75,3.44,CH,2021-12-06 22:39:21,light snow
188,Innisfail,-17.5333,146.0333,84.87,68,26,7.31,AU,2021-12-06 22:32:23,scattered clouds
189,Mwinilunga,-11.7358,24.4293,61.47,96,86,2.66,ZM,2021-12-06 22:33:04,overcast clouds
190,Turayf,31.6725,38.6637,48.45,66,0,11.5,SA,2021-12-06 22:39:21,clear sky
191,Male,4.1748,73.5089,80.55,89,40,6.91,MV,2021-12-06 22:39:22,scattered clouds
192,Altar,30.7,-111.8167,78.93,15,0,6.4,MX,2021-12-06 22:39:22,clear sky
193,Lompoc,34.6391,-120.4579,69.13,77,1,5.75,US,2021-12-06 22:33:28,clear sky
194,Lucea,18.451,-78.1736,84.06,78,18,11.88,JM,2021-12-06 22:39:22,few clouds
195,Mahebourg,-20.4081,57.7,78.26,78,20,8.05,MU,2021-12-06 22:33:40,few clouds
196,Klooga,59.3197,24.2114,7.38,77,75,2.3,EE,2021-12-06 22:39:23,light snow
197,Atambua,-9.1061,124.8925,77.9,81,100,2.73,ID,2021-12-06 22:39:23,overcast clouds
198,Noyabrsk,63.1994,75.4507,-21.86,96,6,8.3,RU,2021-12-06 22:39:23,clear sky
199,Marshall,34.3834,-86.3333,51.55,88,90,10.36,US,2021-12-06 22:39:24,overcast clouds
200,Timra,62.487,17.3257,15.48,86,75,9.22,SE,2021-12-06 22:39:24,light snow
201,Katsuura,35.1333,140.3,56.19,84,99,15.1,JP,2021-12-06 22:34:38,overcast clouds
202,Souillac,-20.5167,57.5167,78.37,78,20,8.05,MU,2021-12-06 22:33:19,few clouds
203,San Patricio,28.017,-97.5169,72.01,55,100,17.94,US,2021-12-06 22:33:25,overcast clouds
204,Aswan,24.0934,32.907,63.7,51,0,8.05,EG,2021-12-06 22:34:48,clear sky
205,Flagstaff,35.1981,-111.6513,58.12,22,1,1.99,US,2021-12-06 22:38:37,clear sky
206,Morondava,-20.2833,44.2833,78.04,85,9,3.56,MG,2021-12-06 22:29:25,clear sky
207,Provost,52.3501,-110.2683,7.25,93,76,6.22,CA,2021-12-06 22:39:25,broken clouds
208,Atagay,55.1033,99.3875,24.39,85,100,4.83,RU,2021-12-06 22:39:26,overcast clouds
209,Mar Del Plata,-38.0023,-57.5575,66.22,80,0,18.99,AR,2021-12-06 22:28:53,clear sky
210,Cedar City,37.6775,-113.0619,52.77,24,1,12.66,US,2021-12-06 22:33:36,clear sky
211,Chishtian Mandi,29.8,72.8667,58.44,48,1,4.43,PK,2021-12-06 22:39:26,clear sky
212,Severo-Kurilsk,50.6789,156.125,37.81,89,66,17.09,RU,2021-12-06 22:33:10,broken clouds
213,Pyapon,16.2833,95.6833,67.1,72,4,6.42,MM,2021-12-06 22:39:27,clear sky
214,La Ronge,55.1001,-105.2842,-7.35,71,75,2.3,CA,2021-12-06 22:33:20,broken clouds
215,Sumbe,-11.2061,13.8437,77.23,90,76,7.92,AO,2021-12-06 22:39:27,broken clouds
216,Luderitz,-26.6481,15.1594,62.51,80,0,18.63,NA,2021-12-06 22:34:21,clear sky
217,Chontalpa,17.7,-93.5167,80.19,80,61,3.36,MX,2021-12-06 22:39:27,broken clouds
218,Bud,39.447,-86.1758,35.85,61,8,13.67,US,2021-12-06 22:38:31,clear sky
219,Adrar,20.5022,-10.0711,63.77,16,99,11.16,MR,2021-12-06 22:34:14,overcast clouds
220,Hofn,64.2539,-15.2082,37.89,68,100,18.45,IS,2021-12-06 22:33:36,overcast clouds
221,Chapeco,-27.0964,-52.6183,74.95,53,20,17.27,BR,2021-12-06 22:39:28,few clouds
222,Sherman,33.6357,-96.6089,53.01,32,1,14.97,US,2021-12-06 22:34:38,clear sky
223,Cabedelo,-6.9811,-34.8339,79.47,70,5,13.2,BR,2021-12-06 22:39:29,clear sky
224,Carnarvon,-24.8667,113.6333,73.47,83,90,13.8,AU,2021-12-06 22:32:48,overcast clouds
225,Kindberg,47.5,15.45,31.39,98,33,2.66,AT,2021-12-06 22:39:29,scattered clouds
226,Akyab,20.15,92.9,76.96,70,65,5.59,MM,2021-12-06 22:39:29,broken clouds
227,Komsomolskiy,40.4272,71.7189,36.82,45,100,3.4,UZ,2021-12-06 22:39:30,overcast clouds
228,Victoria,22.2855,114.1577,65.32,67,6,1.01,HK,2021-12-06 22:28:09,clear sky
229,Concepcion Del Oro,24.6333,-101.4167,66.42,21,100,3.94,MX,2021-12-06 22:39:30,overcast clouds
230,Haines Junction,60.7522,-137.5108,15.78,97,100,2.8,CA,2021-12-06 22:39:30,overcast clouds
231,Wageningen,51.9667,5.6667,37.08,94,90,8.05,NL,2021-12-06 22:39:31,light snow
232,Soto La Marina,23.7667,-98.2167,82.78,52,100,4.14,MX,2021-12-06 22:39:31,overcast clouds
233,Novyy Urengoy,66.0833,76.6333,-8.32,93,93,11.97,RU,2021-12-06 22:39:31,overcast clouds
234,Carora,10.1755,-70.0827,79.54,61,36,10.13,VE,2021-12-06 22:39:32,scattered clouds
235,Wuwei,37.9281,102.6414,28.76,48,100,9.44,CN,2021-12-06 22:39:32,overcast clouds
236,Gencsapati,47.285,16.5958,29.89,93,9,6.29,HU,2021-12-06 22:39:32,clear sky
237,Waddan,29.1614,16.139,50.34,37,0,17.81,LY,2021-12-06 22:39:33,clear sky
238,Pingliang,35.5392,106.6861,33.98,58,100,5.97,CN,2021-12-06 22:38:30,overcast clouds
239,Hatillo,18.4863,-66.8254,81.93,84,4,1.01,PR,2021-12-06 22:39:33,clear sky
240,Carutapera,-1.195,-46.02,77.25,93,67,5.99,BR,2021-12-06 22:34:43,broken clouds
241,Nakamura,32.9833,132.9333,45.61,81,0,4.99,JP,2021-12-06 22:39:33,clear sky
242,Tandil,-37.3217,-59.1332,68.4,49,0,5.88,AR,2021-12-06 22:38:10,clear sky
243,La Union,-5.4,-80.75,75.34,58,100,16.37,PE,2021-12-06 22:39:34,overcast clouds
244,Mayumba,-3.432,10.6554,75.65,91,100,5.17,GA,2021-12-06 22:39:34,overcast clouds
245,Pokhara,28.2333,83.9833,55.42,67,15,7.43,NP,2021-12-06 22:28:56,few clouds
246,Kampot,10.6167,104.1833,77.05,84,38,9.31,KH,2021-12-06 22:39:35,scattered clouds
247,Quixere,-5.0742,-37.9886,82.9,63,39,11.68,BR,2021-12-06 22:39:35,scattered clouds
248,Bell Ville,-32.6259,-62.6887,80.8,38,0,6.76,AR,2021-12-06 22:39:35,clear sky
249,Egvekinot,66.3167,-179.1667,2.68,91,100,5.97,RU,2021-12-06 22:35:13,overcast clouds
250,Port Macquarie,-31.4333,152.9167,74.89,75,100,9.91,AU,2021-12-06 22:30:03,moderate rain
251,Sao Pedro Do Sul,-29.6206,-54.1789,75.85,59,70,10.51,BR,2021-12-06 22:39:36,broken clouds
252,Sobolevo,54.4299,31.8996,28.54,98,100,6.35,RU,2021-12-06 22:39:36,snow
253,Nabire,-3.3667,135.4833,81.77,74,100,2.95,ID,2021-12-06 22:39:37,overcast clouds
254,Sao Filipe,14.8961,-24.4956,77.59,69,20,5.75,CV,2021-12-06 22:32:31,few clouds
255,Vilyuysk,63.7553,121.6247,-30.55,100,91,0.65,RU,2021-12-06 22:39:37,overcast clouds
256,Viedma,-40.8135,-62.9967,80.49,27,0,15.52,AR,2021-12-06 22:33:04,clear sky
257,Micheweni,-4.9667,39.8333,79.11,78,92,4.41,TZ,2021-12-06 22:39:37,overcast clouds
258,Rio Gallegos,-51.6226,-69.2181,75.25,29,0,26.46,AR,2021-12-06 22:39:38,clear sky
259,Pingxiang,27.6167,113.85,46.26,57,8,3.65,CN,2021-12-06 22:38:48,clear sky
260,Tasiilaq,65.6145,-37.6368,30.36,78,98,8.63,GL,2021-12-06 22:33:33,overcast clouds
261,Kaitangata,-46.2817,169.8464,58.93,77,87,11.43,NZ,2021-12-06 22:33:46,overcast clouds
262,Nyagan,62.1406,65.3936,-9.63,95,49,5.32,RU,2021-12-06 22:39:38,scattered clouds
263,Provideniya,64.3833,-173.3,14.36,73,75,13.42,RU,2021-12-06 22:34:09,broken clouds
264,Okakarara,-20.5833,17.4333,72.5,21,31,7.92,NA,2021-12-06 22:39:39,scattered clouds
265,Hamilton,39.1834,-84.5333,37.58,60,1,5.01,US,2021-12-06 22:30:23,clear sky
266,Abong Mbang,3.9833,13.1833,71.78,74,88,2.66,CM,2021-12-06 22:39:39,overcast clouds
267,Sain Alto,23.5833,-103.25,68.77,22,100,5.73,MX,2021-12-06 22:39:40,overcast clouds
268,Chegdomyn,51.1167,133.0167,-9.56,98,20,1.48,RU,2021-12-06 22:39:40,few clouds
269,Tiksi,71.6872,128.8694,-25.6,93,100,9.1,RU,2021-12-06 22:32:58,overcast clouds
270,Zhanaozen,43.3,52.8,38.84,67,10,0.63,KZ,2021-12-06 22:39:40,clear sky
271,Sao Jose Da Coroa Grande,-8.8978,-35.1478,79.27,75,14,9.15,BR,2021-12-06 22:30:26,few clouds
272,Faya,18.3851,42.4509,54.12,28,0,2.84,SA,2021-12-06 22:32:42,clear sky
273,Olafsvik,64.8945,-23.7142,35.47,78,100,19.89,IS,2021-12-06 22:35:27,light rain
274,Marzuq,14.4,46.4667,58.68,33,5,2.89,YE,2021-12-06 22:39:41,clear sky
275,Norman Wells,65.282,-126.8329,-9.36,70,20,5.75,CA,2021-12-06 22:39:41,few clouds
276,Cidreira,-30.1811,-50.2056,68.38,81,23,15.95,BR,2021-12-06 22:33:01,few clouds
277,Muravlenko,63.7898,74.523,-15.14,93,26,11.43,RU,2021-12-06 22:39:42,scattered clouds
278,Kapuskasing,49.4169,-82.4331,3.29,78,75,23.02,CA,2021-12-06 22:39:02,light snow
279,Neuquen,-38.9516,-68.0591,87.69,29,0,12.66,AR,2021-12-06 22:36:33,clear sky
280,Blackfoot,43.1905,-112.345,38.98,80,100,16.17,US,2021-12-06 22:39:42,overcast clouds
281,Amalapuram,16.5833,82.0167,74.03,90,3,4.0,IN,2021-12-06 22:39:43,clear sky
282,Praya,14.9215,-23.5087,75.74,78,20,18.41,CV,2021-12-06 22:39:43,haze
283,Rio Cuarto,-33.1307,-64.3499,80.37,50,0,18.41,AR,2021-12-06 22:39:43,clear sky
284,Puerto Penasco,31.3167,-113.5333,69.91,67,0,4.0,MX,2021-12-06 22:39:44,clear sky
285,Santarem,-2.4431,-54.7083,80.73,78,40,3.44,BR,2021-12-06 22:39:44,scattered clouds
286,Kaiserslautern,49.45,7.75,37.27,63,75,1.99,DE,2021-12-06 22:39:44,broken clouds
287,Chokurdakh,70.6333,147.9167,-22.68,97,100,1.83,RU,2021-12-06 22:33:37,overcast clouds
288,Unity,52.4501,-109.1682,0.25,91,82,6.6,CA,2021-12-06 22:39:45,broken clouds
289,Ardakan,32.31,54.0175,49.19,42,44,5.53,IR,2021-12-06 22:39:45,scattered clouds
290,Oktyabrskoye,43.0645,44.7417,26.74,100,75,4.47,RU,2021-12-06 22:39:45,fog
291,Kalat,29.0225,66.5916,40.14,15,0,4.36,PK,2021-12-06 22:39:46,clear sky
292,Gavle,60.6745,17.1417,13.35,80,81,5.01,SE,2021-12-06 22:39:46,broken clouds
293,Tiznit,29.5833,-9.5,59.4,30,0,5.46,MA,2021-12-06 22:39:46,clear sky
294,Bahua,25.85,80.6333,61.41,67,3,6.46,IN,2021-12-06 22:39:46,clear sky
295,Bull Savanna,17.8868,-77.5902,76.96,82,3,11.14,JM,2021-12-06 22:39:47,clear sky
296,Bilibino,68.0546,166.4372,-23.64,99,100,2.39,RU,2021-12-06 22:39:47,overcast clouds
297,Letnyaya Stavka,45.4306,43.4472,45.07,83,98,9.55,RU,2021-12-06 22:35:14,overcast clouds
298,Jieshi,22.8134,115.8257,59.25,62,2,6.93,CN,2021-12-06 22:39:47,clear sky
299,Faanui,-16.4833,-151.75,81.0,77,97,16.35,PF,2021-12-06 22:33:08,light rain
300,Maridi,4.9158,29.4742,74.44,49,62,2.59,SS,2021-12-06 22:39:48,broken clouds
301,Nouakchott,18.0858,-15.9785,69.73,24,61,11.74,MR,2021-12-06 22:39:48,broken clouds
302,Kefamenanu,-9.4467,124.4781,76.26,83,100,1.86,ID,2021-12-06 22:39:49,overcast clouds
303,Tura,25.5198,90.2201,61.25,95,17,2.89,IN,2021-12-06 22:33:42,few clouds
304,San Cristobal,7.7669,-72.225,77.18,73,53,0.76,VE,2021-12-06 22:39:49,broken clouds
305,Savonlinna,61.8699,28.88,11.05,85,90,6.91,FI,2021-12-06 22:39:49,light snow
306,Bairiki,1.3292,172.9752,86.0,70,40,14.97,KI,2021-12-06 22:33:31,scattered clouds
307,Fairbanks,64.8378,-147.7164,26.56,73,90,4.61,US,2021-12-06 22:32:28,overcast clouds
308,Bontang,0.1333,117.5,76.64,85,100,6.89,ID,2021-12-06 22:39:50,overcast clouds
309,Tingo Maria,-9.2895,-76.0088,73.36,84,54,1.5,PE,2021-12-06 22:39:50,broken clouds
310,North Bend,43.4065,-124.2243,52.16,94,90,8.05,US,2021-12-06 22:39:50,overcast clouds
311,Kazuno,40.1836,140.7872,38.01,95,100,2.13,JP,2021-12-06 22:39:51,overcast clouds
312,San Quintin,30.4833,-115.95,65.05,68,1,3.91,MX,2021-12-06 22:33:44,clear sky
313,Ambon,-3.6954,128.1814,78.94,89,40,6.91,ID,2021-12-06 22:30:32,scattered clouds
314,Poso,-1.3959,120.7524,79.59,75,100,3.42,ID,2021-12-06 22:34:38,overcast clouds
315,Dzhebariki-Khaya,62.2167,135.8,-17.91,100,100,2.19,RU,2021-12-06 22:39:51,overcast clouds
316,Yar-Sale,66.8333,70.8333,7.61,94,97,6.44,RU,2021-12-06 22:32:26,overcast clouds
317,Ngunguru,-35.6167,174.5,73.17,81,100,9.08,NZ,2021-12-06 22:39:52,overcast clouds
318,Walvis Bay,-22.9575,14.5053,60.1,88,0,8.05,NA,2021-12-06 22:33:23,clear sky
319,Quatre Cocos,-20.2078,57.7625,78.1,71,11,11.21,MU,2021-12-06 22:33:07,few clouds
320,Belmonte,-15.8631,-38.8828,79.3,83,68,7.27,BR,2021-12-06 22:39:52,broken clouds
321,Jhargram,22.45,86.9833,65.73,95,0,6.44,IN,2021-12-06 22:39:53,clear sky
322,Moreira Sales,-24.0622,-53.0069,75.07,52,30,9.33,BR,2021-12-06 22:39:53,scattered clouds
323,Blagoyevo,63.3667,47.9167,10.33,93,80,7.56,RU,2021-12-06 22:39:53,broken clouds
324,Hastings,50.8552,0.5729,40.51,81,51,20.54,GB,2021-12-06 22:39:54,broken clouds
325,Nanortalik,60.1432,-45.2371,24.39,65,55,40.38,GL,2021-12-06 22:32:39,broken clouds
326,Waipawa,-41.4122,175.5153,56.44,97,100,1.48,NZ,2021-12-06 22:33:50,overcast clouds
327,Andra,62.5147,65.8878,-19.55,98,74,2.48,RU,2021-12-06 22:39:54,broken clouds
328,Swan Hill,-35.3378,143.5544,70.77,39,3,12.68,AU,2021-12-06 22:39:54,clear sky
329,Trincomalee,8.5711,81.2335,80.44,72,20,7.2,LK,2021-12-06 22:39:55,few clouds
330,Vao,-22.6667,167.4833,78.1,78,0,5.99,NC,2021-12-06 22:39:55,clear sky
331,Celestun,20.8667,-90.4,79.02,80,9,12.08,MX,2021-12-06 22:39:55,clear sky
332,Cravo Norte,6.3017,-70.2041,82.9,57,43,5.79,CO,2021-12-06 22:39:56,scattered clouds
333,Tomohon,1.3346,124.8392,67.14,89,97,3.0,ID,2021-12-06 22:39:56,light rain
334,Kloulklubed,7.0419,134.2556,79.3,77,100,16.82,PW,2021-12-06 22:39:56,overcast clouds
335,Srednekolymsk,67.45,153.6833,-31.02,95,98,2.35,RU,2021-12-06 22:39:56,overcast clouds
336,Tezu,27.9167,96.1667,64.09,80,89,1.01,IN,2021-12-06 22:39:57,overcast clouds
337,Chapleau,47.8405,-83.4034,8.69,78,90,12.66,CA,2021-12-06 22:39:57,light snow
338,Sola,-13.8833,167.55,76.33,87,100,6.51,VU,2021-12-06 22:33:37,moderate rain
339,Usinsk,65.9939,57.5281,10.44,95,100,14.67,RU,2021-12-06 22:34:15,light snow
340,Ahtopol,42.1,27.95,55.87,82,100,20.33,BG,2021-12-06 22:39:58,overcast clouds
341,Nizhniy Odes,63.6445,54.856,-2.43,98,89,5.21,RU,2021-12-06 22:39:58,overcast clouds
342,Avera,33.194,-82.5271,70.48,71,100,10.11,US,2021-12-06 22:33:10,moderate rain
343,Vallenar,-28.5708,-70.7581,74.12,37,29,6.06,CL,2021-12-06 22:39:58,scattered clouds
344,Kamenka,51.3223,42.7678,26.74,78,100,12.5,RU,2021-12-06 22:39:59,overcast clouds
345,Roros,62.5747,11.3842,4.84,78,90,9.22,NO,2021-12-06 22:39:59,light shower snow
346,Bambous Virieux,-20.3428,57.7575,78.22,78,20,8.05,MU,2021-12-06 22:32:36,few clouds
347,Rawson,-43.3002,-65.1023,85.37,23,1,24.34,AR,2021-12-06 22:36:33,clear sky
348,Salym,60.0625,71.4789,-12.82,99,91,4.32,RU,2021-12-06 22:39:59,overcast clouds
349,Semme,46.1963,1.5007,45.01,96,93,8.03,FR,2021-12-06 22:40:00,overcast clouds
350,Codrington,-38.2667,141.9667,59.45,52,85,15.35,AU,2021-12-06 22:32:35,overcast clouds
351,Upington,-28.4478,21.2561,68.38,45,1,1.14,ZA,2021-12-06 22:40:00,clear sky
352,Muyezerskiy,63.9333,31.65,1.33,99,49,4.25,RU,2021-12-06 22:40:01,scattered clouds
353,Phan Thiet,10.9333,108.1,69.93,86,97,4.88,VN,2021-12-06 22:40:01,overcast clouds
354,Vlist,51.98,4.8194,42.03,94,100,5.01,NL,2021-12-06 22:40:01,overcast clouds
355,Port Blair,11.6667,92.75,77.67,68,78,13.11,IN,2021-12-06 22:32:45,broken clouds
356,Tazovskiy,67.4667,78.7,-6.0,96,100,12.95,RU,2021-12-06 22:40:02,overcast clouds
357,Wellington,-41.2866,174.7756,61.77,97,90,14.97,NZ,2021-12-06 22:35:43,moderate rain
358,Falmouth,50.1544,-5.0711,45.5,75,20,8.05,GB,2021-12-06 22:40:02,few clouds
359,Lalsot,26.5667,76.3333,61.47,57,0,6.08,IN,2021-12-06 22:40:02,clear sky
360,Mildura,-34.2,142.15,65.07,52,5,13.8,AU,2021-12-06 22:40:03,clear sky
361,Zlitan,32.4674,14.5687,53.04,69,35,35.57,LY,2021-12-06 22:40:03,scattered clouds
362,The Valley,18.217,-63.0578,81.1,69,20,12.66,AI,2021-12-06 22:40:03,few clouds
363,Vardo,70.3705,31.1107,11.95,81,97,14.5,NO,2021-12-06 22:31:43,overcast clouds
364,Januaria,-15.4833,-44.3667,73.15,88,39,2.15,BR,2021-12-06 22:40:04,moderate rain
365,Gallup,35.5281,-108.7426,57.96,22,1,3.0,US,2021-12-06 22:40:04,clear sky
366,Oussouye,12.485,-16.5469,73.49,71,25,4.88,SN,2021-12-06 22:33:51,scattered clouds
367,Kavaratti,10.5669,72.642,80.04,67,8,11.88,IN,2021-12-06 22:33:21,clear sky
368,Kuznechnoye,61.12,29.8686,11.68,95,100,2.42,RU,2021-12-06 22:40:05,snow
369,Deputatskiy,69.3,139.9,-22.81,99,100,1.3,RU,2021-12-06 22:33:07,overcast clouds
370,Saint-Augustin,51.226,-58.6502,23.85,67,100,11.05,CA,2021-12-06 22:34:26,overcast clouds
371,Aksarka,66.5606,67.7975,9.03,83,100,11.63,RU,2021-12-06 22:40:05,overcast clouds
372,Sambava,-14.2667,50.1667,75.07,85,18,7.49,MG,2021-12-06 22:33:24,few clouds
373,Saldanha,-33.0117,17.9442,57.25,86,11,13.53,ZA,2021-12-06 22:32:54,few clouds
374,Saint Anthony,45.0205,-93.218,8.55,58,1,4.0,US,2021-12-06 22:40:06,clear sky
375,Floro,61.5996,5.0328,37.36,52,90,16.11,NO,2021-12-06 22:40:06,overcast clouds
376,Sorland,67.667,12.6934,26.47,63,3,14.5,NO,2021-12-06 22:34:19,clear sky
377,Huilong,31.8111,121.655,51.04,78,0,8.63,CN,2021-12-06 22:40:06,clear sky
378,Byron Bay,-28.65,153.6167,78.06,71,99,1.59,AU,2021-12-06 22:40:07,light rain
379,Ranong,9.9658,98.6348,71.53,89,70,5.7,TH,2021-12-06 22:40:07,broken clouds
380,Khash,28.2211,61.2158,49.15,45,0,3.87,IR,2021-12-06 22:37:49,clear sky
381,Namtsy,62.7161,129.6658,-32.69,100,100,1.61,RU,2021-12-06 22:40:08,overcast clouds
382,Dingle,10.9995,122.6711,75.31,88,97,5.93,PH,2021-12-06 22:32:59,overcast clouds
383,Morant Bay,17.8815,-76.4093,85.62,81,8,11.77,JM,2021-12-06 22:31:27,clear sky
384,Rey Bouba,8.6724,14.1786,78.62,24,100,2.35,CM,2021-12-06 22:40:08,overcast clouds
385,Teguldet,57.3064,88.1667,24.73,95,100,9.1,RU,2021-12-06 22:40:08,light snow
386,Verkhnyaya Tishanka,51.3239,40.5328,31.95,89,97,11.79,RU,2021-12-06 22:40:09,overcast clouds
387,Marawi,7.9986,124.2928,66.65,98,100,3.56,PH,2021-12-06 22:34:04,overcast clouds
388,Kushima,31.4583,131.2333,47.71,73,0,4.97,JP,2021-12-06 22:40:09,clear sky
389,Sungairaya,0.7,108.9,77.09,89,99,4.92,ID,2021-12-06 22:40:09,overcast clouds
390,Pirawa,24.1551,76.0273,60.94,65,0,6.62,IN,2021-12-06 22:40:10,clear sky
391,Asau,46.4333,26.4,34.75,87,53,3.6,RO,2021-12-06 22:34:29,broken clouds
392,Berlevag,70.8578,29.0864,26.6,79,40,17.27,NO,2021-12-06 22:32:28,scattered clouds
393,Nelson Bay,-32.7167,152.15,67.1,95,100,1.01,AU,2021-12-06 22:40:10,light rain
394,Vila Velha,-20.3297,-40.2925,71.55,96,75,6.91,BR,2021-12-06 22:30:17,broken clouds
395,Jingdezhen,29.2947,117.2079,43.34,60,3,4.41,CN,2021-12-06 22:40:11,clear sky
396,Merauke,-8.4667,140.3333,82.09,72,100,4.76,ID,2021-12-06 22:40:11,overcast clouds
397,San Jose,37.3394,-121.895,61.57,78,90,0.0,US,2021-12-06 22:37:43,mist
398,Murici,-9.3067,-35.9433,79.09,80,2,7.2,BR,2021-12-06 22:36:50,clear sky
399,Matagami,49.7502,-77.6328,15.91,92,90,9.22,CA,2021-12-06 22:40:12,light snow
400,Huarmey,-10.0681,-78.1522,68.49,83,95,8.34,PE,2021-12-06 22:38:37,overcast clouds
401,Yuzhno-Kurilsk,44.0306,145.8556,41.94,69,1,5.12,RU,2021-12-06 22:40:12,clear sky
402,Aklavik,68.2191,-135.0107,16.52,78,75,6.91,CA,2021-12-06 22:33:26,broken clouds
403,North Myrtle Beach,33.816,-78.68,69.01,86,1,12.66,US,2021-12-06 22:40:12,clear sky
404,La Orilla,17.9833,-102.2333,81.91,68,24,7.92,MX,2021-12-06 22:40:13,few clouds
405,Lago Da Pedra,-4.3333,-45.1667,78.85,83,50,2.33,BR,2021-12-06 22:40:13,heavy intensity rain
406,Santa Barbara,34.7333,-120.0343,65.43,59,1,8.05,US,2021-12-06 22:40:13,clear sky
407,Salalah,17.0151,54.0924,77.09,31,0,10.36,OM,2021-12-06 22:34:14,clear sky
408,Kodinsk,58.6881,99.1844,25.03,97,100,3.91,RU,2021-12-06 22:32:09,overcast clouds
409,Sarana,56.4773,57.7259,3.02,91,47,4.72,RU,2021-12-06 22:40:14,scattered clouds
410,Tessalit,20.1986,1.0114,68.41,18,92,8.59,ML,2021-12-06 22:40:14,overcast clouds
411,Goderich,43.7501,-81.7165,34.92,75,100,29.93,CA,2021-12-06 22:40:14,light rain
412,Lang Son,21.8333,106.7333,50.85,59,1,2.57,VN,2021-12-06 22:38:42,clear sky
413,Hithadhoo,-0.6,73.0833,81.7,77,42,17.98,MV,2021-12-06 22:29:10,scattered clouds
414,Umkomaas,-30.2067,30.7978,74.61,86,37,8.72,ZA,2021-12-06 22:40:15,scattered clouds
415,Dogondoutchi,13.6393,4.0287,76.24,16,79,9.46,NE,2021-12-06 22:40:15,broken clouds
416,Harare,-17.8294,31.0539,74.8,41,95,5.44,ZW,2021-12-06 22:36:10,overcast clouds
417,Namibe,-15.1961,12.1522,72.07,65,0,4.59,AO,2021-12-06 22:33:12,clear sky
418,Ambunti,-4.2365,142.8448,80.15,87,98,1.59,PG,2021-12-06 22:37:52,overcast clouds
419,Oranjemund,-28.55,16.4333,60.46,87,14,16.02,NA,2021-12-06 22:38:17,few clouds
420,Rundu,-17.9333,19.7667,75.22,48,62,1.81,NA,2021-12-06 22:40:16,broken clouds
421,Ivanovka,42.8878,75.085,30.63,60,97,0.98,KG,2021-12-06 22:40:16,overcast clouds
422,Xocali,39.913,46.7903,46.15,49,2,2.8,AZ,2021-12-06 22:40:17,clear sky
423,Meulaboh,4.1363,96.1285,77.16,87,47,3.67,ID,2021-12-06 22:32:10,scattered clouds
424,Ayan,56.45,138.1667,5.72,63,70,12.24,RU,2021-12-06 22:40:17,broken clouds
425,Tabuk,17.4189,121.4443,69.22,91,100,4.79,PH,2021-12-06 22:40:17,overcast clouds
426,Pandan,14.0453,124.1694,78.33,84,83,17.72,PH,2021-12-06 22:34:15,broken clouds
427,Christchurch,-43.5333,172.6333,56.03,91,75,4.61,NZ,2021-12-06 22:39:49,drizzle
428,Pirogovskiy,55.9781,37.7336,25.29,85,90,13.42,RU,2021-12-06 22:40:18,overcast clouds
429,La Palma,33.8464,-118.0467,78.42,78,75,1.01,US,2021-12-06 22:33:47,haze
430,Springfield,37.2153,-93.2982,39.88,45,1,5.01,US,2021-12-06 22:36:38,clear sky
431,Tigil,57.8,158.6667,25.97,96,100,14.16,RU,2021-12-06 22:40:18,snow
432,Ossora,59.2353,163.0719,13.75,87,100,6.4,RU,2021-12-06 22:40:19,overcast clouds
433,Biak,-0.9131,122.8766,78.6,83,100,1.12,ID,2021-12-06 22:40:19,overcast clouds
434,Alhaurin El Grande,36.643,-4.6873,57.13,55,0,1.01,ES,2021-12-06 22:40:19,clear sky
435,Luanda,-8.8368,13.2343,77.0,83,75,4.61,AO,2021-12-06 22:31:44,broken clouds
436,Vila Franca Do Campo,37.7167,-25.4333,64.2,81,100,7.61,PT,2021-12-06 22:33:03,overcast clouds
437,Grand-Lahou,5.1367,-5.0242,80.17,83,13,9.69,CI,2021-12-06 22:40:20,few clouds
438,Lata,40.1629,-8.3327,58.05,95,100,2.68,PT,2021-12-06 22:32:49,overcast clouds
439,Guerrero Negro,27.9769,-114.0611,70.36,56,0,10.69,MX,2021-12-06 22:33:40,clear sky
440,Freetown,8.484,-13.2299,80.26,83,16,7.18,SL,2021-12-06 22:38:48,few clouds
441,Barabinsk,55.3571,78.357,24.55,95,100,12.86,RU,2021-12-06 22:40:20,overcast clouds
442,Yulara,-25.2406,130.9889,75.04,53,22,12.66,AU,2021-12-06 22:33:13,few clouds
443,Edmonton,53.5501,-113.4687,18.18,43,1,5.75,CA,2021-12-06 22:36:23,clear sky
444,Yamada,39.4667,141.95,49.19,81,100,5.41,JP,2021-12-06 22:40:21,overcast clouds
445,Cabo San Lucas,22.8909,-109.9124,82.51,65,1,4.61,MX,2021-12-06 22:31:24,clear sky
446,Orhei,47.3831,28.8231,49.78,96,100,0.78,MD,2021-12-06 22:40:21,overcast clouds
447,Didwana,27.4,74.5667,59.23,45,0,8.03,IN,2021-12-06 22:40:22,clear sky
448,Esmeraldas,-19.7625,-44.3139,65.44,96,67,3.22,BR,2021-12-06 22:40:22,broken clouds
449,Todos Santos,23.45,-110.2167,81.19,74,1,4.72,MX,2021-12-06 22:40:22,clear sky
450,Umaria,23.5333,80.8333,56.61,84,0,1.41,IN,2021-12-06 22:40:23,clear sky
451,Gafanha Da Encarnacao,40.6181,-8.733,58.77,94,100,6.87,PT,2021-12-06 22:40:23,overcast clouds
452,Dharchula,29.85,80.5333,42.31,55,2,10.4,IN,2021-12-06 22:40:23,clear sky
453,Kutum,14.2,24.6667,63.57,19,2,4.09,SD,2021-12-06 22:40:24,clear sky
454,Abu Samrah,35.3029,37.1841,52.29,50,61,7.58,SY,2021-12-06 22:34:03,broken clouds
455,Vostok,46.4856,135.8833,9.28,98,98,4.5,RU,2021-12-06 22:34:40,overcast clouds
456,Sulangan,11.1373,123.7228,80.47,73,100,15.97,PH,2021-12-06 22:40:24,overcast clouds
457,Esmeralda,21.8525,-78.1169,87.04,85,18,7.23,CU,2021-12-06 22:40:24,few clouds
458,Mabaruma,8.2,-59.7833,73.42,97,60,3.65,GY,2021-12-06 22:40:25,broken clouds
459,Sapa,5.1544,120.3241,81.0,77,81,11.16,PH,2021-12-06 22:40:25,broken clouds
460,Chubbuck,42.9208,-112.4661,39.09,77,75,8.99,US,2021-12-06 22:40:25,broken clouds
461,Rimbey,52.6334,-114.2353,13.12,88,42,3.85,CA,2021-12-06 22:40:26,scattered clouds
462,Sinnamary,5.3833,-52.95,77.45,89,84,8.63,GF,2021-12-06 22:34:23,broken clouds
463,Bullhead City,35.1478,-114.5683,79.86,18,75,0.0,US,2021-12-06 22:40:26,broken clouds
464,Taywarah,33.35,64.4167,29.35,23,87,2.59,AF,2021-12-06 22:40:26,overcast clouds
465,Shagonar,51.5333,92.8,0.7,97,93,3.11,RU,2021-12-06 22:40:27,overcast clouds
466,Teya,60.3778,92.6267,13.37,97,100,1.19,RU,2021-12-06 22:33:12,overcast clouds
467,Sao Geraldo Do Araguaia,-6.4006,-48.555,76.08,90,82,2.24,BR,2021-12-06 22:34:21,broken clouds
468,Sechura,-5.5569,-80.8222,71.4,69,100,16.69,PE,2021-12-06 22:40:27,overcast clouds
469,Moerai,-22.4333,-151.3333,78.66,81,100,13.11,PF,2021-12-06 22:34:40,overcast clouds
470,Dzaoudzi,-12.7887,45.2699,80.49,78,0,3.44,YT,2021-12-06 22:40:28,clear sky
471,San Bartolome De Tirajana,27.9248,-15.5733,55.87,71,20,16.11,ES,2021-12-06 22:40:28,few clouds
472,Kosonsoy,41.2561,71.5508,32.56,41,100,1.14,UZ,2021-12-06 22:40:29,overcast clouds
473,Los Llanos De Aridane,28.6585,-17.9182,62.35,75,75,13.0,ES,2021-12-06 22:34:02,broken clouds
474,Ketchikan,55.3422,-131.6461,30.67,80,1,6.91,US,2021-12-06 22:34:19,clear sky
475,Savannakhet,16.566,104.751,56.52,67,25,7.49,LA,2021-12-06 22:40:29,scattered clouds
476,Batang Berjuntai,3.3833,101.4167,75.45,91,62,2.84,MY,2021-12-06 22:40:29,broken clouds
477,Nyrob,60.733,56.7202,-20.97,100,100,2.66,RU,2021-12-06 22:40:30,overcast clouds
478,Alofi,-19.0595,-169.9187,78.69,83,75,11.5,NU,2021-12-06 22:34:31,light intensity shower rain
479,Ilulissat,69.2167,-51.1,19.42,49,92,14.97,GL,2021-12-06 22:32:21,overcast clouds
480,Aksu,41.1231,80.2644,27.14,55,18,2.46,CN,2021-12-06 22:40:30,few clouds
481,Fortuna,40.5982,-124.1573,52.14,67,100,4.0,US,2021-12-06 22:32:30,overcast clouds
482,El Sauzal,31.9,-116.6833,62.42,79,23,6.29,MX,2021-12-06 22:40:31,few clouds
483,Pangody,65.85,74.4859,-6.2,98,91,13.09,RU,2021-12-06 22:40:31,overcast clouds
484,Zheleznodorozhnyy,55.7503,38.0042,25.36,84,100,9.84,RU,2021-12-06 22:40:31,overcast clouds
485,Zaraza,9.3503,-65.3245,78.91,73,71,9.95,VE,2021-12-06 22:40:32,broken clouds
486,Owensboro,37.7742,-87.1133,39.29,48,1,12.66,US,2021-12-06 22:40:31,clear sky
487,Port Moresby,-9.4431,147.1797,80.02,83,40,4.61,PG,2021-12-06 22:40:32,scattered clouds
488,Iskateley,67.6803,53.1512,14.67,95,87,5.46,RU,2021-12-06 22:40:32,overcast clouds
489,Asosa,10.0667,34.5333,66.04,36,6,4.07,ET,2021-12-06 22:40:33,clear sky
490,Kapit,2.0167,112.9333,72.41,99,100,0.94,MY,2021-12-06 22:40:33,overcast clouds
491,Alekseyevka,50.6309,38.6903,31.86,95,93,10.58,RU,2021-12-06 22:40:33,overcast clouds
492,Sawakin,19.1059,37.3321,81.7,69,2,8.41,SD,2021-12-06 22:40:34,clear sky
493,Amot,59.5714,7.9877,11.5,95,100,3.33,NO,2021-12-06 22:40:34,overcast clouds
494,Deer Lake,49.1667,-57.4316,28.26,80,90,5.75,CA,2021-12-06 22:40:34,light shower snow
495,Bonthe,7.5264,-12.505,80.37,81,32,6.13,SL,2021-12-06 22:33:22,scattered clouds
496,Cooma,-36.2333,149.1333,60.57,82,90,6.91,AU,2021-12-06 22:40:35,overcast clouds
497,Gat,31.61,34.7642,66.9,39,90,4.32,IL,2021-12-06 22:38:34,overcast clouds
498,Bathsheba,13.2167,-59.5167,81.21,69,40,18.41,BB,2021-12-06 22:33:58,scattered clouds
499,Hovd,48.0056,91.6419,15.55,63,48,1.5,MN,2021-12-06 22:38:31,scattered clouds
500,Gizo,-8.103,156.8419,83.03,76,100,3.24,SB,2021-12-06 22:40:35,moderate rain
501,Batagay,67.6333,134.6333,-39.86,94,87,2.37,RU,2021-12-06 22:40:36,overcast clouds
502,Kachug,53.9606,105.8817,9.52,93,81,0.96,RU,2021-12-06 22:40:36,broken clouds
503,Beloha,-25.1667,45.05,77.4,57,0,2.1,MG,2021-12-06 22:33:29,clear sky
504,Clyde River,70.4692,-68.5914,10.63,85,100,18.41,CA,2021-12-06 22:33:01,light snow
505,Torbay,47.6666,-52.7314,33.67,76,90,6.91,CA,2021-12-06 22:29:12,overcast clouds
506,Milkovo,54.7167,158.6167,28.51,89,100,4.92,RU,2021-12-06 22:40:37,light snow
507,Esso,55.9333,158.7,16.84,96,99,3.87,RU,2021-12-06 22:40:37,light snow
508,Okitipupa,6.5047,4.7839,77.09,93,84,1.34,NG,2021-12-06 22:40:37,broken clouds
509,Karimganj,24.8667,92.35,67.19,99,100,3.76,IN,2021-12-06 22:40:37,overcast clouds
510,Marmande,44.5,0.1667,50.31,99,83,10.96,FR,2021-12-06 22:40:38,broken clouds
511,Arima,10.6333,-61.2833,80.62,69,20,5.75,TT,2021-12-06 22:40:38,few clouds
512,Lerwick,60.1545,-1.1494,44.6,70,100,17.69,GB,2021-12-06 22:38:24,overcast clouds
513,Horka Nad Moravou,49.6401,17.2107,34.11,99,89,3.49,CZ,2021-12-06 22:40:39,overcast clouds
514,Catamarca,-28.4696,-65.7852,78.04,57,18,17.27,AR,2021-12-06 22:40:39,few clouds
515,Hobyo,5.3505,48.5268,78.13,75,11,13.98,SO,2021-12-06 22:33:05,few clouds
516,Coahuayana,18.7333,-103.6833,92.68,51,44,4.16,MX,2021-12-06 22:40:39,scattered clouds
517,Svetlogorsk,52.6333,29.7333,31.53,99,100,3.36,BY,2021-12-06 22:40:40,light snow
518,Bonga,7.2833,36.2333,59.0,81,12,1.74,ET,2021-12-06 22:40:40,few clouds
519,Nouadhibou,20.931,-17.0347,67.98,52,93,9.22,MR,2021-12-06 22:34:30,overcast clouds
520,Ayna,-12.65,-73.9167,73.9,96,100,0.4,PE,2021-12-06 22:40:40,overcast clouds
521,Kismayo,-0.3582,42.5454,79.41,78,50,10.85,SO,2021-12-06 22:40:41,scattered clouds
522,Balabac,7.9868,117.0645,79.97,76,95,4.12,PH,2021-12-06 22:40:41,overcast clouds
523,Tinca,46.7749,21.9316,38.52,97,100,7.16,RO,2021-12-06 22:40:41,overcast clouds
524,Lorvao,40.2594,-8.3168,57.69,94,100,3.09,PT,2021-12-06 22:40:41,overcast clouds
525,Mitsamiouli,-11.3847,43.2844,81.01,79,83,12.12,KM,2021-12-06 22:40:42,broken clouds
526,Cleveland,41.4995,-81.6954,36.95,63,90,5.01,US,2021-12-06 22:37:01,overcast clouds
527,Nemuro,43.3236,145.575,42.24,77,1,10.31,JP,2021-12-06 22:40:42,clear sky
528,Sembakung,3.8167,117.25,75.13,98,98,0.56,ID,2021-12-06 22:40:43,moderate rain
529,Piripiri,-4.2733,-41.7769,84.83,57,83,5.75,BR,2021-12-06 22:40:43,broken clouds
530,Shingu,33.7333,135.9833,57.38,90,100,5.95,JP,2021-12-06 22:40:43,overcast clouds
531,Progreso,21.2833,-89.6667,91.51,84,6,11.83,MX,2021-12-06 22:40:43,clear sky
532,Coos Bay,43.3665,-124.2179,52.23,95,90,8.05,US,2021-12-06 22:37:45,overcast clouds
533,Banjar,-8.19,114.9675,78.66,90,100,3.67,ID,2021-12-06 22:40:44,moderate rain
534,Sao Miguel Do Araguaia,-13.275,-50.1628,75.92,84,19,1.36,BR,2021-12-06 22:40:44,few clouds
535,Gwadar,25.1216,62.3254,72.21,46,0,4.34,PK,2021-12-06 22:40:44,clear sky
536,Malpe,13.35,74.7167,74.5,86,13,4.92,IN,2021-12-06 22:40:45,few clouds
537,Rucar,45.4,25.1667,35.44,95,97,1.5,RO,2021-12-06 22:40:45,light rain
538,Namatanai,-3.6667,152.4333,81.21,83,100,4.25,PG,2021-12-06 22:40:45,moderate rain
539,Ahuimanu,21.4447,-157.8378,74.91,81,90,12.66,US,2021-12-06 22:40:46,moderate rain
540,Takoradi,4.8845,-1.7554,80.37,83,96,7.31,GH,2021-12-06 22:40:46,overcast clouds
541,Espita,21.0167,-88.3167,81.3,70,78,5.61,MX,2021-12-06 22:40:46,broken clouds
542,Quelimane,-17.8786,36.8883,82.35,78,0,12.66,MZ,2021-12-06 22:32:34,clear sky
543,Skelleftea,64.7507,20.9528,10.76,66,90,3.44,SE,2021-12-06 22:40:47,light snow
544,Kendari,-3.945,122.4989,77.49,85,100,6.53,ID,2021-12-06 22:40:47,overcast clouds
545,Road Town,18.4167,-64.6167,80.69,78,40,10.36,VG,2021-12-06 22:40:47,scattered clouds
546,Whitecourt,54.1502,-115.6855,16.84,48,1,3.44,CA,2021-12-06 22:40:48,clear sky
547,Port-Gentil,-0.7193,8.7815,78.3,83,100,4.5,GA,2021-12-06 22:40:49,overcast clouds
548,Mineiros,-17.5694,-52.5511,73.85,79,64,2.37,BR,2021-12-06 22:40:49,broken clouds
549,Noumea,-22.2763,166.4572,85.98,99,0,7.43,NC,2021-12-06 22:30:04,clear sky
550,Lazaro Cardenas,17.9583,-102.2,82.22,68,22,7.99,MX,2021-12-06 22:40:49,few clouds
551,Taltal,-25.4,-70.4833,65.8,71,93,7.0,CL,2021-12-06 22:40:50,overcast clouds
552,Verkh-Usugli,52.7,115.1667,6.64,96,32,3.44,RU,2021-12-06 22:40:50,scattered clouds
553,Masterton,-40.9597,175.6575,66.94,97,100,4.41,NZ,2021-12-06 22:40:50,light rain
554,Pilar,-9.5972,-35.9567,78.73,78,1,8.21,BR,2021-12-06 22:40:51,clear sky
555,Rocha,-34.4833,-54.3333,61.43,92,20,6.55,UY,2021-12-06 22:33:57,few clouds
556,Karatau,43.1667,70.4667,38.48,84,100,1.07,KZ,2021-12-06 22:40:51,overcast clouds
557,Oum Hadjer,13.2954,19.6966,76.59,22,38,11.86,TD,2021-12-06 22:40:52,scattered clouds
558,Paamiut,61.994,-49.6678,20.89,72,100,11.9,GL,2021-12-06 22:32:46,light snow
559,Barda,40.3744,47.1267,45.75,62,3,1.68,AZ,2021-12-06 22:40:52,clear sky
560,Lagoa,39.05,-27.9833,63.61,81,100,21.34,PT,2021-12-06 22:32:17,overcast clouds
561,San Vicente,-26.6167,-54.1333,73.67,46,3,7.25,AR,2021-12-06 22:40:53,clear sky
562,Caraubas,-5.7925,-37.5567,82.62,47,88,14.9,BR,2021-12-06 22:40:53,overcast clouds
563,Ostrovnoy,68.0531,39.5131,15.08,90,98,21.12,RU,2021-12-06 22:34:36,overcast clouds
564,Yabelo,4.8833,38.0833,59.16,58,44,11.65,ET,2021-12-06 22:40:54,scattered clouds
565,Hualmay,-11.0964,-77.6139,67.96,82,67,8.88,PE,2021-12-06 22:32:47,broken clouds
566,Mangawan,24.6833,81.55,59.56,69,1,4.83,IN,2021-12-06 22:40:54,clear sky
567,Pula,44.8683,13.8481,45.46,70,0,6.91,HR,2021-12-06 22:40:54,clear sky
568,Williams Lake,52.1415,-122.1445,22.57,68,75,5.75,CA,2021-12-06 22:40:55,broken clouds
569,Marsa Matruh,31.3525,27.2453,57.4,67,40,9.22,EG,2021-12-06 22:40:55,scattered clouds
570,Zhigansk,66.7697,123.3711,-25.96,96,100,10.07,RU,2021-12-06 22:32:58,overcast clouds
571,Kerema,-7.9631,145.7785,83.44,69,99,3.09,PG,2021-12-06 22:40:55,overcast clouds
572,Nong Han,17.3608,103.1053,55.15,60,3,5.12,TH,2021-12-06 22:40:56,clear sky
